s,kW,kW,kW,kW,kW,kW,kW,kW,kW,kW,kg/s,kg/s,kg/s,Pa
Time,HRR,HRR_OX,Q_RADI,Q_CONV,Q_COND,Q_DIFF,Q_PRES,Q_PART,Q_ENTH,Q_TOTAL,MLR_AIR,MLR_PROPANE,MLR_PRODUCTS,ZONE_1
 0.0000000E+000, 0.0000000E+000, 0.0000000E+000,-1.3514762E-004, 3.5345983E-009, 0.0000000E+000, 0.0000000E+000, 0.0000000E+000, 0.0000000E+000, 0.0000000E+000,-1.3514408E-004, 0.0000000E+000, 0.0000000E+000, 0.0000000E+000,-5.9075825E-001
 1.0306330E-001, 0.0000000E+000, 0.0000000E+000,-2.9351052E-006,-7.8631715E-003, 0.0000000E+000,-1.4801033E-003, 8.7216175E-002, 0.0000000E+000, 0.0000000E+000, 7.7869965E-002, 0.0000000E+000, 1.1273738E-003, 0.0000000E+000,-5.9075825E-001
 2.0612660E-001, 3.9344136E+001, 0.0000000E+000,-3.0287603E-005,-1.6836953E-002,-1.2515762E-005,-1.9575165E-003, 7.9998482E+000, 0.0000000E+000, 1.1584750E-001, 4.7325146E+001, 0.0000000E+000, 2.2312143E-003, 0.0000000E+000, 2.9951930E-002
 3.0918992E-001, 1.0626542E+002, 0.0000000E+000,-7.1893156E-001,-1.9625255E-002,-1.4767748E-001,-7.1169745E-003, 2.8098146E+001, 0.0000000E+000, 5.4157722E+001, 1.3347022E+002, 0.0000000E+000, 3.2899132E-003, 0.0000000E+000, 7.4031629E+001
 4.2957750E-001, 1.5051555E+002, 0.0000000E+000,-3.7669643E+001,-2.3913714E-002,-6.7165904E-001,-9.8072181E-003, 4.2343460E+001, 0.0000000E+000, 1.6116379E+002, 1.5448398E+002, 0.0000000E+000, 4.1630667E-003, 0.0000000E+000, 3.2057491E+002
 5.4699266E-001, 1.8215325E+002, 0.0000000E+000,-1.2146618E+002,-3.1176058E-002,-8.4369716E-001,-1.2642894E-002, 2.4014247E+001, 0.0000000E+000, 9.5890172E+001, 8.3813801E+001, 0.0000000E+000, 5.2298079E-003, 0.0000000E+000, 4.6297510E+002
 6.4309055E-001, 1.8358641E+002, 0.0000000E+000,-1.2103230E+002,-3.7646955E-002,-7.2777535E-001,-1.4683225E-002, 2.4266873E+001, 0.0000000E+000, 9.0279991E+001, 8.6040880E+001, 0.0000000E+000, 6.0403569E-003, 0.0000000E+000, 5.7332913E+002
 7.0910764E-001, 1.6918231E+002, 0.0000000E+000,-7.1274260E+001,-3.8460288E-002,-5.9435396E-001,-1.5847332E-002, 3.4775045E+001, 0.0000000E+000, 1.2043527E+002, 1.3203443E+002, 0.0000000E+000, 6.5814442E-003, 0.0000000E+000, 6.7422220E+002
 8.1517839E-001, 2.3250536E+002, 0.0000000E+000,-1.0500631E+002,-4.1264966E-002,-5.6179921E-001,-1.7674582E-002, 4.7016803E+001, 0.0000000E+000, 1.6394027E+002, 1.7389511E+002, 0.0000000E+000, 7.1328568E-003, 0.0000000E+000, 8.9715626E+002
 9.1066051E-001, 2.9592437E+002, 0.0000000E+000,-1.1472585E+002,-4.2736331E-002,-5.7798955E-001,-2.0231808E-002, 6.6134454E+001, 0.0000000E+000, 2.2297926E+002, 2.4669202E+002, 0.0000000E+000, 7.7238588E-003, 0.0000000E+000, 1.1740347E+003
 1.0061440E+000, 3.8475292E+002, 0.0000000E+000,-1.4554321E+002,-4.8276844E-002,-6.4235359E-001,-2.1163185E-002, 9.0407582E+001, 0.0000000E+000, 3.1927513E+002, 3.2890550E+002, 0.0000000E+000, 8.2067328E-003, 0.0000000E+000, 1.5677559E+003
 1.1021130E+000, 4.3405697E+002, 0.0000000E+000,-1.6500203E+002,-4.8777477E-002,-7.1491733E-001,-2.2050021E-002, 1.0377333E+002, 0.0000000E+000, 3.6499190E+002, 3.7204252E+002, 0.0000000E+000, 8.6312762E-003, 0.0000000E+000, 2.0249919E+003
 1.2056004E+000, 4.4046128E+002, 0.0000000E+000,-1.5968905E+002,-5.1406207E-002,-8.7259203E-001,-2.3341963E-002, 1.0970924E+002, 0.0000000E+000, 3.8930034E+002, 3.8953413E+002, 0.0000000E+000, 9.0115589E-003, 0.0000000E+000, 2.5517184E+003
 1.3030046E+000, 4.2309226E+002, 0.0000000E+000,-1.5112232E+002,-5.3789088E-002,-9.2923758E-001,-2.2875636E-002, 1.0714713E+002, 0.0000000E+000, 3.7776482E+002, 3.7811117E+002, 0.0000000E+000, 9.3416167E-003, 0.0000000E+000, 3.0359240E+003
 1.4109027E+000, 3.9913470E+002, 0.0000000E+000,-1.3233446E+002,-5.5490799E-002,-1.0347566E+000,-2.3206540E-002, 1.0540075E+002, 0.0000000E+000, 3.7237211E+002, 3.7108755E+002, 0.0000000E+000, 9.6259277E-003, 0.0000000E+000, 3.5651713E+003
 1.5093765E+000, 3.8651541E+002, 0.0000000E+000,-1.2906023E+002,-5.8809526E-002,-1.1159013E+000,-2.3284112E-002, 1.0123652E+002, 0.0000000E+000, 3.6016096E+002, 3.5749370E+002, 0.0000000E+000, 9.8643313E-003, 0.0000000E+000, 4.0294795E+003
 1.6036074E+000, 3.7015147E+002, 0.0000000E+000,-1.1667820E+002,-5.8078107E-002,-1.2188064E+000,-2.4948074E-002, 9.8116656E+001, 0.0000000E+000, 3.4856965E+002, 3.5028809E+002, 0.0000000E+000, 1.0049844E-002, 0.0000000E+000, 4.4575074E+003
 1.7003403E+000, 4.2273995E+002, 0.0000000E+000,-1.2437922E+002,-5.9426352E-002,-1.2677887E+000,-2.5399721E-002, 1.1324537E+002, 0.0000000E+000, 4.0287710E+002, 4.1025350E+002, 0.0000000E+000, 1.0205560E-002, 0.0000000E+000, 4.9605229E+003
 1.8050580E+000, 4.6570324E+002, 0.0000000E+000,-1.3511763E+002,-6.0497619E-002,-1.3994193E+000,-2.5253953E-002, 1.2781803E+002, 0.0000000E+000, 4.5651577E+002, 4.5691847E+002, 0.0000000E+000, 1.0341553E-002, 0.0000000E+000, 5.5808881E+003
 1.9031160E+000, 4.6698166E+002, 0.0000000E+000,-1.3395692E+002,-6.1318565E-002,-2.7742967E+000,-2.5423894E-002, 1.2946197E+002, 0.0000000E+000, 4.5951293E+002, 4.5962567E+002, 0.0000000E+000, 1.0454970E-002, 0.0000000E+000, 6.1695256E+003
 2.0027182E+000, 4.4858183E+002, 0.0000000E+000,-1.2754565E+002,-6.3071226E-002,-5.5276227E+000,-2.4750948E-002, 1.2556875E+002, 0.0000000E+000, 4.4615913E+002, 4.4098948E+002, 0.0000000E+000, 1.0546828E-002, 0.0000000E+000, 6.7532146E+003
 2.1000221E+000, 3.9511946E+002, 0.0000000E+000,-1.1207632E+002,-6.2903433E-002,-8.5812130E+000,-2.5070993E-002, 1.0799630E+002, 0.0000000E+000, 3.8307305E+002, 3.8237025E+002, 0.0000000E+000, 1.0622711E-002, 0.0000000E+000, 7.2412840E+003
 2.2011566E+000, 4.5014294E+002, 0.0000000E+000,-1.2242971E+002,-6.1960163E-002,-1.1472043E+001,-2.6115115E-002, 1.2247300E+002, 0.0000000E+000, 4.3231371E+002, 4.3862611E+002, 0.0000000E+000, 1.0685750E-002, 0.0000000E+000, 7.8112616E+003
 2.3041878E+000, 5.2100118E+002, 0.0000000E+000,-1.3673299E+002,-6.2916268E-002,-1.3198670E+001,-2.5996967E-002, 1.4321937E+002, 0.0000000E+000, 5.0960959E+002, 5.1419997E+002, 0.0000000E+000, 1.0738889E-002, 0.0000000E+000, 8.4922764E+003
 2.4052298E+000, 5.8873522E+002, 0.0000000E+000,-1.5502619E+002,-6.3841407E-002,-1.6557371E+001,-2.5592444E-002, 1.6283886E+002, 0.0000000E+000, 5.7685354E+002, 5.7990109E+002, 0.0000000E+000, 1.0782507E-002, 0.0000000E+000, 9.2532481E+003
 2.5063374E+000, 5.6882075E+002, 0.0000000E+000,-1.5986327E+002,-6.4092556E-002,-2.0945437E+001,-2.5654992E-002, 1.5610769E+002, 0.0000000E+000, 5.5230483E+002, 5.4402999E+002, 0.0000000E+000, 1.0817900E-002, 0.0000000E+000, 9.9909665E+003
 2.6009912E+000, 4.6038102E+002, 0.0000000E+000,-1.1864014E+002,-6.3445538E-002,-2.6061727E+001,-2.6520044E-002, 1.3256090E+002, 0.0000000E+000, 4.5108961E+002, 4.4815008E+002, 0.0000000E+000, 1.0846122E-002, 0.0000000E+000, 1.0574733E+004
 2.7082658E+000, 4.6344903E+002, 0.0000000E+000,-1.1481841E+002,-6.2752851E-002,-2.8084847E+001,-2.7380049E-002, 1.2765922E+002, 0.0000000E+000, 4.4505174E+002, 4.4811486E+002, 0.0000000E+000, 1.0869994E-002, 0.0000000E+000, 1.1208861E+004
 2.8048129E+000, 5.2541506E+002, 0.0000000E+000,-1.3810674E+002,-6.2303305E-002,-2.7984233E+001,-2.7946379E-002, 1.3948556E+002, 0.0000000E+000, 4.9585473E+002, 4.9871940E+002, 0.0000000E+000, 1.0889726E-002, 0.0000000E+000, 1.1831765E+004
 2.9040351E+000, 5.5896730E+002, 0.0000000E+000,-1.4665363E+002,-6.2730818E-002,-2.7781267E+001,-2.7634090E-002, 1.5189721E+002, 0.0000000E+000, 5.3421497E+002, 5.3633924E+002, 0.0000000E+000, 1.0905267E-002, 0.0000000E+000, 1.2529054E+004
 3.0050790E+000, 5.2806366E+002, 0.0000000E+000,-1.3521715E+002,-6.2938359E-002,-2.7927620E+001,-2.7553246E-002, 1.4698483E+002, 0.0000000E+000, 5.1582239E+002, 5.1181323E+002, 0.0000000E+000, 1.0918247E-002, 0.0000000E+000, 1.3221366E+004
 3.1061230E+000, 4.6270804E+002, 0.0000000E+000,-1.2000485E+002,-6.2919758E-002,-2.9674342E+001,-2.7740635E-002, 1.2684971E+002, 0.0000000E+000, 4.4257692E+002, 4.3978790E+002, 0.0000000E+000, 1.0929039E-002, 0.0000000E+000, 1.3818167E+004
 3.2078884E+000, 4.6702339E+002, 0.0000000E+000,-1.2152012E+002,-6.3080637E-002,-3.1822235E+001,-2.7723251E-002, 1.2658719E+002, 0.0000000E+000, 4.3869793E+002, 4.4017742E+002, 0.0000000E+000, 1.0937916E-002, 0.0000000E+000, 1.4414822E+004
 3.3007767E+000, 4.7907062E+002, 0.0000000E+000,-1.2082253E+002,-6.3212245E-002,-3.1720625E+001,-2.7347066E-002, 1.3165924E+002, 0.0000000E+000, 4.5715072E+002, 4.5809614E+002, 0.0000000E+000, 1.0944911E-002, 0.0000000E+000, 1.4981707E+004
 3.4055736E+000, 4.9498978E+002, 0.0000000E+000,-1.2247183E+002,-6.3536887E-002,-3.0727144E+001,-2.7161687E-002, 1.3649794E+002, 0.0000000E+000, 4.7553637E+002, 4.7819805E+002, 0.0000000E+000, 1.0950721E-002, 0.0000000E+000, 1.5643597E+004
 3.5016375E+000, 5.1433566E+002, 0.0000000E+000,-1.3107987E+002,-6.3965406E-002,-3.0489785E+001,-2.7051259E-002, 1.4035024E+002, 0.0000000E+000, 4.9447074E+002, 4.9302523E+002, 0.0000000E+000, 1.0955570E-002, 0.0000000E+000, 1.6269885E+004
 3.6027622E+000, 4.8250768E+002, 0.0000000E+000,-1.2205721E+002,-6.3753516E-002,-3.1216908E+001,-2.7179552E-002, 1.3414066E+002, 0.0000000E+000, 4.6619608E+002, 4.6328329E+002, 0.0000000E+000, 1.0959458E-002, 0.0000000E+000, 1.6900987E+004
 3.7020137E+000, 4.6666494E+002, 0.0000000E+000,-1.1667678E+002,-6.3162502E-002,-3.1455640E+001,-2.7535308E-002, 1.2815882E+002, 0.0000000E+000, 4.4653515E+002, 4.4660065E+002, 0.0000000E+000, 1.0962704E-002, 0.0000000E+000, 1.7491390E+004
 3.8086112E+000, 4.8428914E+002, 0.0000000E+000,-1.2322392E+002,-6.2937423E-002,-3.1539997E+001,-2.7942665E-002, 1.3147129E+002, 0.0000000E+000, 4.5933485E+002, 4.6090563E+002, 0.0000000E+000, 1.0965433E-002, 0.0000000E+000, 1.8140351E+004
 3.9076710E+000, 5.3598305E+002, 0.0000000E+000,-1.3382076E+002,-6.3418356E-002,-3.1309597E+001,-2.7551410E-002, 1.4523307E+002, 0.0000000E+000, 5.0796103E+002, 5.1599480E+002, 0.0000000E+000, 1.0967661E-002, 0.0000000E+000, 1.8802528E+004
 4.0001240E+000, 5.5779217E+002, 0.0000000E+000,-1.4703386E+002,-6.3807239E-002,-3.0905175E+001,-2.7238024E-002, 1.5291494E+002, 0.0000000E+000, 5.3937022E+002, 5.3267704E+002, 0.0000000E+000, 1.0969346E-002, 0.0000000E+000, 1.9462276E+004
 4.1007471E+000, 4.8793867E+002, 0.0000000E+000,-1.2528304E+002,-6.3777031E-002,-3.0972351E+001,-2.7257049E-002, 1.3342934E+002, 0.0000000E+000, 4.6723043E+002, 4.6502158E+002, 0.0000000E+000, 1.0970745E-002, 0.0000000E+000, 2.0087318E+004
 4.2064018E+000, 4.7475639E+002, 0.0000000E+000,-1.2752251E+002,-6.3624224E-002,-3.2315205E+001,-2.7512560E-002, 1.2568462E+002, 0.0000000E+000, 4.4176675E+002, 4.4051216E+002, 0.0000000E+000, 1.0971978E-002, 0.0000000E+000, 2.0704372E+004
 4.3087859E+000, 4.7540716E+002, 0.0000000E+000,-1.2398416E+002,-6.3090970E-002,-3.3754407E+001,-2.7559279E-002, 1.2691184E+002, 0.0000000E+000, 4.4304238E+002, 4.4448978E+002, 0.0000000E+000, 1.0972991E-002, 0.0000000E+000, 2.1306402E+004
 4.4001017E+000, 5.1176636E+002, 0.0000000E+000,-1.3531437E+002,-6.2683745E-002,-3.3946143E+001,-2.8161938E-002, 1.3391527E+002, 0.0000000E+000, 4.7276036E+002, 4.7633027E+002, 0.0000000E+000, 1.0973764E-002, 0.0000000E+000, 2.1871639E+004
 4.5061331E+000, 5.5270279E+002, 0.0000000E+000,-1.4647214E+002,-6.2778753E-002,-3.3773359E+001,-2.8142708E-002, 1.4630560E+002, 0.0000000E+000, 5.1508778E+002, 5.1867196E+002, 0.0000000E+000, 1.0974405E-002, 0.0000000E+000, 2.2588558E+004
 4.6054730E+000, 5.5097846E+002, 0.0000000E+000,-1.4323296E+002,-6.2625794E-002,-3.4094631E+001,-2.8292638E-002, 1.4945033E+002, 0.0000000E+000, 5.2556147E+002, 5.2301029E+002, 0.0000000E+000, 1.0974952E-002, 0.0000000E+000, 2.3279011E+004
 4.7034144E+000, 4.9924829E+002, 0.0000000E+000,-1.2887064E+002,-6.2855782E-002,-3.5109131E+001,-2.8123357E-002, 1.3552909E+002, 0.0000000E+000, 4.7419788E+002, 4.7070662E+002, 0.0000000E+000, 1.0975381E-002, 0.0000000E+000, 2.3897517E+004
 4.8057518E+000, 4.7772117E+002, 0.0000000E+000,-1.2585475E+002,-6.2616920E-002,-3.6604678E+001,-2.8446894E-002, 1.2679666E+002, 0.0000000E+000, 4.4243149E+002, 4.4196733E+002, 0.0000000E+000, 1.0975738E-002, 0.0000000E+000, 2.4500120E+004
 4.9017911E+000, 5.0068189E+002, 0.0000000E+000,-1.3032506E+002,-6.2293540E-002,-3.7546650E+001,-2.8689352E-002, 1.3173666E+002, 0.0000000E+000, 4.6185976E+002, 4.6445585E+002, 0.0000000E+000, 1.0976030E-002, 0.0000000E+000, 2.5085677E+004
 5.0031047E+000, 5.2409171E+002, 0.0000000E+000,-1.3687827E+002,-6.2140568E-002,-3.7976398E+001,-2.8673729E-002, 1.3777319E+002, 0.0000000E+000, 4.8472845E+002, 4.8691942E+002, 0.0000000E+000, 1.0976269E-002, 0.0000000E+000, 2.5731739E+004
 5.1016350E+000, 5.3419740E+002, 0.0000000E+000,-1.3713005E+002,-6.2384948E-002,-3.7482154E+001,-2.8718183E-002, 1.4344792E+002, 0.0000000E+000, 5.0247268E+002, 5.0294201E+002, 0.0000000E+000, 1.0976467E-002, 0.0000000E+000, 2.6387260E+004
 5.2059741E+000, 5.1990312E+002, 0.0000000E+000,-1.3500364E+002,-6.1936401E-002,-3.6683114E+001,-2.8846485E-002, 1.3996612E+002, 0.0000000E+000, 4.9060238E+002, 4.8809170E+002, 0.0000000E+000, 1.0976629E-002, 0.0000000E+000, 2.7066880E+004
 5.3015785E+000, 4.9506569E+002, 0.0000000E+000,-1.2535159E+002,-6.2215768E-002,-3.6073995E+001,-2.8757063E-002, 1.3363130E+002, 0.0000000E+000, 4.6694153E+002, 4.6718043E+002, 0.0000000E+000, 1.0976761E-002, 0.0000000E+000, 2.7659898E+004
 5.4058747E+000, 5.1562944E+002, 0.0000000E+000,-1.3228369E+002,-6.2288763E-002,-3.6373158E+001,-2.8790320E-002, 1.3694657E+002, 0.0000000E+000, 4.8161953E+002, 4.8382809E+002, 0.0000000E+000, 1.0976869E-002, 0.0000000E+000, 2.8321166E+004
 5.5084329E+000, 4.9848007E+002, 0.0000000E+000,-1.2990224E+002,-6.2215915E-002,-3.7281645E+001,-2.8853134E-002, 1.3321580E+002, 0.0000000E+000, 4.6893422E+002, 4.6442092E+002, 0.0000000E+000, 1.0976960E-002, 0.0000000E+000, 2.8958275E+004
 5.6097736E+000, 4.7236365E+002, 0.0000000E+000,-1.2311240E+002,-6.2133130E-002,-3.7789833E+001,-2.8589309E-002, 1.2377233E+002, 0.0000000E+000, 4.3513962E+002, 4.3514303E+002, 0.0000000E+000, 1.0977034E-002, 0.0000000E+000, 2.9540811E+004
 5.7044225E+000, 5.0077205E+002, 0.0000000E+000,-1.3520016E+002,-6.2446773E-002,-3.8288306E+001,-2.8474624E-002, 1.2739821E+002, 0.0000000E+000, 4.5034410E+002, 4.5459087E+002, 0.0000000E+000, 1.0977091E-002, 0.0000000E+000, 3.0097636E+004
 5.8095880E+000, 5.1904040E+002, 0.0000000E+000,-1.4389739E+002,-6.2576444E-002,-3.8864321E+001,-2.8613922E-002, 1.3279364E+002, 0.0000000E+000, 4.7193013E+002, 4.6898114E+002, 0.0000000E+000, 1.0977139E-002, 0.0000000E+000, 3.0747324E+004
 5.9060884E+000, 4.8509213E+002, 0.0000000E+000,-1.3268261E+002,-6.2862090E-002,-3.9145979E+001,-2.7856207E-002, 1.2489741E+002, 0.0000000E+000, 4.3902933E+002, 4.3807024E+002, 0.0000000E+000, 1.0977179E-002, 0.0000000E+000, 3.1307482E+004
 6.0081539E+000, 4.7383099E+002, 0.0000000E+000,-1.2888636E+002,-6.3239321E-002,-3.9556451E+001,-2.7983171E-002, 1.2086760E+002, 0.0000000E+000, 4.2720311E+002, 4.2616456E+002, 0.0000000E+000, 1.0977211E-002, 0.0000000E+000, 3.1880661E+004
 6.1009407E+000, 4.6183908E+002, 0.0000000E+000,-1.2505417E+002,-6.2549473E-002,-4.0145067E+001,-2.8478563E-002, 1.1704676E+002, 0.0000000E+000, 4.1404914E+002, 4.1359557E+002, 0.0000000E+000, 1.0977237E-002, 0.0000000E+000, 3.2385314E+004
 6.2039342E+000, 4.7446216E+002, 0.0000000E+000,-1.3294171E+002,-6.2403482E-002,-4.0676133E+001,-2.8663858E-002, 1.1677621E+002, 0.0000000E+000, 4.1543932E+002, 4.1752946E+002, 0.0000000E+000, 1.0977258E-002, 0.0000000E+000, 3.2942353E+004
 6.3080626E+000, 5.1112588E+002, 0.0000000E+000,-1.3832396E+002,-6.1971086E-002,-4.1803235E+001,-2.8901884E-002, 1.2842317E+002, 0.0000000E+000, 4.5582011E+002, 4.5933099E+002, 0.0000000E+000, 1.0977276E-002, 0.0000000E+000, 3.3560175E+004
 6.4054046E+000, 5.2372252E+002, 0.0000000E+000,-1.4255225E+002,-6.2169767E-002,-4.2352816E+001,-2.8940507E-002, 1.3305420E+002, 0.0000000E+000, 4.7136641E+002, 4.7178054E+002, 0.0000000E+000, 1.0977291E-002, 0.0000000E+000, 3.4160737E+004
 6.5017734E+000, 5.3188273E+002, 0.0000000E+000,-1.4184735E+002,-6.2406517E-002,-4.2651393E+001,-2.8472512E-002, 1.3690832E+002, 0.0000000E+000, 4.8107232E+002, 4.8420143E+002, 0.0000000E+000, 1.0977303E-002, 0.0000000E+000, 3.4771240E+004
 6.6010504E+000, 5.2430077E+002, 0.0000000E+000,-1.4588878E+002,-6.2110349E-002,-4.3334472E+001,-2.8746112E-002, 1.3343640E+002, 0.0000000E+000, 4.7462580E+002, 4.6842307E+002, 0.0000000E+000, 1.0977312E-002, 0.0000000E+000, 3.5390112E+004
 6.7045355E+000, 4.8273779E+002, 0.0000000E+000,-1.3109932E+002,-6.2143884E-002,-4.4426262E+001,-2.8783454E-002, 1.2105897E+002, 0.0000000E+000, 4.2783324E+002, 4.2818025E+002, 0.0000000E+000, 1.0977320E-002, 0.0000000E+000, 3.5971451E+004
 6.8088741E+000, 5.0086510E+002, 0.0000000E+000,-1.3915617E+002,-6.1946574E-002,-4.5318873E+001,-2.8974150E-002, 1.2328122E+002, 0.0000000E+000, 4.3716901E+002, 4.3958036E+002, 0.0000000E+000, 1.0977327E-002, 0.0000000E+000, 3.6566874E+004
 6.9085884E+000, 5.1908797E+002, 0.0000000E+000,-1.4385540E+002,-6.2092033E-002,-4.5842568E+001,-2.9241179E-002, 1.2815950E+002, 0.0000000E+000, 4.5748805E+002, 4.5745818E+002, 0.0000000E+000, 1.0977333E-002, 0.0000000E+000, 3.7159792E+004
 7.0083027E+000, 5.1518438E+002, 0.0000000E+000,-1.4040039E+002,-6.2058377E-002,-4.6613317E+001,-2.8984149E-002, 1.2987229E+002, 0.0000000E+000, 4.5806102E+002, 4.5795192E+002, 0.0000000E+000, 1.0977337E-002, 0.0000000E+000, 3.7760714E+004
 7.1080170E+000, 4.7877543E+002, 0.0000000E+000,-1.2878320E+002,-6.1725231E-002,-4.7715261E+001,-2.8851990E-002, 1.2170641E+002, 0.0000000E+000, 4.2794195E+002, 4.2389279E+002, 0.0000000E+000, 1.0977341E-002, 0.0000000E+000, 3.8327006E+004
 7.2023444E+000, 4.6957124E+002, 0.0000000E+000,-1.2921222E+002,-6.1676246E-002,-4.8685606E+001,-2.9243085E-002, 1.1448859E+002, 0.0000000E+000, 4.0516951E+002, 4.0607108E+002, 0.0000000E+000, 1.0977343E-002, 0.0000000E+000, 3.8827920E+004
 7.3006086E+000, 5.1396968E+002, 0.0000000E+000,-1.4579404E+002,-6.1934653E-002,-4.9284339E+001,-2.9119390E-002, 1.2257925E+002, 0.0000000E+000, 4.3645117E+002, 4.4137950E+002, 0.0000000E+000, 1.0977346E-002, 0.0000000E+000, 3.9383620E+004
 7.4051986E+000, 5.2862785E+002, 0.0000000E+000,-1.5494782E+002,-6.2206081E-002,-4.9626814E+001,-2.8847087E-002, 1.2632603E+002, 0.0000000E+000, 4.5254204E+002, 4.5028819E+002, 0.0000000E+000, 1.0977348E-002, 0.0000000E+000, 3.9997951E+004
 7.5082088E+000, 4.9060961E+002, 0.0000000E+000,-1.4255834E+002,-6.1899356E-002,-4.9924920E+001,-2.9056357E-002, 1.1828900E+002, 0.0000000E+000, 4.1952887E+002, 4.1632439E+002, 0.0000000E+000, 1.0977349E-002, 0.0000000E+000, 4.0565623E+004
 7.6091790E+000, 4.8259608E+002, 0.0000000E+000,-1.3532196E+002,-6.2067087E-002,-5.0402374E+001,-2.8878062E-002, 1.1619943E+002, 0.0000000E+000, 4.1076082E+002, 4.1298023E+002, 0.0000000E+000, 1.0977351E-002, 0.0000000E+000, 4.1108577E+004
 7.7077055E+000, 4.9386029E+002, 0.0000000E+000,-1.4057900E+002,-6.1886461E-002,-5.0996239E+001,-2.8868918E-002, 1.1744222E+002, 0.0000000E+000, 4.1956468E+002, 4.1963651E+002, 0.0000000E+000, 1.0977352E-002, 0.0000000E+000, 4.1645456E+004
 7.8028169E+000, 5.0460584E+002, 0.0000000E+000,-1.4045204E+002,-6.2549404E-002,-5.1979081E+001,-2.8492188E-002, 1.2105420E+002, 0.0000000E+000, 4.3207025E+002, 4.3313787E+002, 0.0000000E+000, 1.0977353E-002, 0.0000000E+000, 4.2178845E+004
 7.9074388E+000, 5.1478724E+002, 0.0000000E+000,-1.4593604E+002,-6.2471743E-002,-5.3201246E+001,-2.8542035E-002, 1.2274244E+002, 0.0000000E+000, 4.3867985E+002, 4.3830138E+002, 0.0000000E+000, 1.0977353E-002, 0.0000000E+000, 4.2775016E+004
 8.0025501E+000, 5.0587170E+002, 0.0000000E+000,-1.4332174E+002,-6.2347635E-002,-5.4754631E+001,-2.8698939E-002, 1.1997353E+002, 0.0000000E+000, 4.2811680E+002, 4.2767781E+002, 0.0000000E+000, 1.0977354E-002, 0.0000000E+000, 4.3304877E+004
 8.1081238E+000, 4.9145709E+002, 0.0000000E+000,-1.4367159E+002,-6.2199219E-002,-5.6276287E+001,-2.8672689E-002, 1.1508554E+002, 0.0000000E+000, 4.0749628E+002, 4.0650388E+002, 0.0000000E+000, 1.0977355E-002, 0.0000000E+000, 4.3869429E+004
 8.2022829E+000, 5.0288447E+002, 0.0000000E+000,-1.4018385E+002,-6.1795559E-002,-5.6997721E+001,-2.9109393E-002, 1.1880538E+002, 0.0000000E+000, 4.2144061E+002, 4.2441738E+002, 0.0000000E+000, 1.0977355E-002, 0.0000000E+000, 4.4387010E+004
 8.3016748E+000, 5.1766783E+002, 0.0000000E+000,-1.4946205E+002,-6.1960557E-002,-5.7269038E+001,-2.9123854E-002, 1.2065043E+002, 0.0000000E+000, 4.3031675E+002, 4.3149608E+002, 0.0000000E+000, 1.0977355E-002, 0.0000000E+000, 4.4942937E+004
 8.4060049E+000, 5.2803443E+002, 0.0000000E+000,-1.5656689E+002,-6.2029574E-002,-5.7642560E+001,-2.8859442E-002, 1.2281116E+002, 0.0000000E+000, 4.3966176E+002, 4.3654525E+002, 0.0000000E+000, 1.0977356E-002, 0.0000000E+000, 4.5539710E+004
 8.5062838E+000, 4.7621237E+002, 0.0000000E+000,-1.4268276E+002,-6.2232792E-002,-5.7930472E+001,-2.8700734E-002, 1.0875733E+002, 0.0000000E+000, 3.8785826E+002, 3.8426554E+002, 0.0000000E+000, 1.0977356E-002, 0.0000000E+000, 4.6049043E+004
 8.6065626E+000, 4.5505769E+002, 0.0000000E+000,-1.3579949E+002,-6.2089328E-002,-5.7961057E+001,-2.8846601E-002, 1.0226670E+002, 0.0000000E+000, 3.6360020E+002, 3.6347291E+002, 0.0000000E+000, 1.0977356E-002, 0.0000000E+000, 4.6524868E+004
 8.7021465E+000, 4.7831644E+002, 0.0000000E+000,-1.3630292E+002,-6.1757008E-002,-5.7780734E+001,-2.8956224E-002, 1.1015178E+002, 0.0000000E+000, 3.8830064E+002, 3.9429385E+002, 0.0000000E+000, 1.0977356E-002, 0.0000000E+000, 4.7009470E+004
 8.8018312E+000, 5.0596981E+002, 0.0000000E+000,-1.4217656E+002,-6.2038463E-002,-5.8603423E+001,-2.9078781E-002, 1.1848195E+002, 0.0000000E+000, 4.2236429E+002, 4.2358066E+002, 0.0000000E+000, 1.0977356E-002, 0.0000000E+000, 4.7556725E+004
 8.9025116E+000, 5.2742813E+002, 0.0000000E+000,-1.4579073E+002,-6.2066919E-002,-6.0058608E+001,-2.9055812E-002, 1.2532895E+002, 0.0000000E+000, 4.4547283E+002, 4.4681663E+002, 0.0000000E+000, 1.0977356E-002, 0.0000000E+000, 4.8141237E+004
 9.0081139E+000, 5.1720908E+002, 0.0000000E+000,-1.4896877E+002,-6.2001293E-002,-6.0978882E+001,-2.9037704E-002, 1.2190722E+002, 0.0000000E+000, 4.3219931E+002, 4.2907761E+002, 0.0000000E+000, 1.0977356E-002, 0.0000000E+000, 4.8740936E+004
 9.1042643E+000, 4.7111931E+002, 0.0000000E+000,-1.3753136E+002,-6.1810402E-002,-6.1182093E+001,-2.9050721E-002, 1.0940694E+002, 0.0000000E+000, 3.8512491E+002, 3.8172192E+002, 0.0000000E+000, 1.0977356E-002, 0.0000000E+000, 4.9231589E+004
 9.2004147E+000, 4.6646641E+002, 0.0000000E+000,-1.3678422E+002,-6.1972675E-002,-6.1058308E+001,-2.9026078E-002, 1.0497676E+002, 0.0000000E+000, 3.7244323E+002, 3.7350964E+002, 0.0000000E+000, 1.0977356E-002, 0.0000000E+000, 4.9699690E+004
 9.3008909E+000, 4.9186542E+002, 0.0000000E+000,-1.4327061E+002,-6.1832307E-002,-6.1287869E+001,-2.9090997E-002, 1.1016817E+002, 0.0000000E+000, 3.9264797E+002, 3.9738419E+002, 0.0000000E+000, 1.0977357E-002, 0.0000000E+000, 5.0210130E+004
 9.4055986E+000, 5.2800230E+002, 0.0000000E+000,-1.5761343E+002,-6.2112580E-002,-6.2114034E+001,-2.9147798E-002, 1.1851598E+002, 0.0000000E+000, 4.2671088E+002, 4.2669955E+002, 0.0000000E+000, 1.0977357E-002, 0.0000000E+000, 5.0785971E+004
 9.5074692E+000, 5.0586051E+002, 0.0000000E+000,-1.5172250E+002,-6.1552362E-002,-6.2947548E+001,-2.9327647E-002, 1.1497075E+002, 0.0000000E+000, 4.0890456E+002, 4.0607033E+002, 0.0000000E+000, 1.0977357E-002, 0.0000000E+000, 5.1331009E+004
 9.6096268E+000, 4.8377604E+002, 0.0000000E+000,-1.4232254E+002,-6.1761154E-002,-6.3161496E+001,-2.9172336E-002, 1.0953176E+002, 0.0000000E+000, 3.8768919E+002, 3.8773284E+002, 0.0000000E+000, 1.0977357E-002, 0.0000000E+000, 5.1850320E+004
 9.7015676E+000, 5.0445387E+002, 0.0000000E+000,-1.5019258E+002,-6.1812215E-002,-6.3370198E+001,-2.9119536E-002, 1.1299069E+002, 0.0000000E+000, 4.0085026E+002, 4.0379085E+002, 0.0000000E+000, 1.0977357E-002, 0.0000000E+000, 5.2330492E+004
 9.8037252E+000, 5.2327810E+002, 0.0000000E+000,-1.5362046E+002,-6.1579442E-002,-6.3739576E+001,-2.9368926E-002, 1.1884517E+002, 0.0000000E+000, 4.2482376E+002, 4.2467229E+002, 0.0000000E+000, 1.0977357E-002, 0.0000000E+000, 5.2893921E+004
 9.9089460E+000, 5.1701484E+002, 0.0000000E+000,-1.5317225E+002,-6.1925075E-002,-6.4521363E+001,-2.9277313E-002, 1.1663320E+002, 0.0000000E+000, 4.1787603E+002, 4.1586322E+002, 0.0000000E+000, 1.0977357E-002, 0.0000000E+000, 5.3464806E+004
 1.0005584E+001, 4.9091829E+002, 0.0000000E+000,-1.4756676E+002,-6.1650433E-002,-6.5778257E+001,-2.9157235E-002, 1.0937681E+002, 0.0000000E+000, 3.8867975E+002, 3.8685927E+002, 0.0000000E+000, 1.0977357E-002, 0.0000000E+000, 5.3956515E+004
 1.0109746E+001, 4.9672510E+002, 0.0000000E+000,-1.4881165E+002,-6.1396744E-002,-6.6960062E+001,-2.9381906E-002, 1.0880894E+002, 0.0000000E+000, 3.8755465E+002, 3.8967155E+002, 0.0000000E+000, 1.0977357E-002, 0.0000000E+000, 5.4481268E+004
 1.0209863E+001, 5.1145751E+002, 0.0000000E+000,-1.5716610E+002,-6.1650155E-002,-6.7673089E+001,-2.9482676E-002, 1.1092564E+002, 0.0000000E+000, 3.9873762E+002, 3.9745282E+002, 0.0000000E+000, 1.0977357E-002, 0.0000000E+000, 5.4997385E+004
 1.0309979E+001, 5.0030073E+002, 0.0000000E+000,-1.5311174E+002,-6.1909154E-002,-6.8093320E+001,-2.9194037E-002, 1.0861034E+002, 0.0000000E+000, 3.8730302E+002, 3.8761491E+002, 0.0000000E+000, 1.0977357E-002, 0.0000000E+000, 5.5501827E+004
 1.0410096E+001, 4.9583242E+002, 0.0000000E+000,-1.5598943E+002,-6.1792968E-002,-6.8528838E+001,-2.9239651E-002, 1.0499214E+002, 0.0000000E+000, 3.7787257E+002, 3.7621527E+002, 0.0000000E+000, 1.0977357E-002, 0.0000000E+000, 5.5990958E+004
 1.0510213E+001, 4.8600156E+002, 0.0000000E+000,-1.5413043E+002,-6.1788777E-002,-6.8825765E+001,-2.9175920E-002, 1.0206820E+002, 0.0000000E+000, 3.6600096E+002, 3.6502261E+002, 0.0000000E+000, 1.0977357E-002, 0.0000000E+000, 5.6465591E+004
 1.0610330E+001, 4.9429427E+002, 0.0000000E+000,-1.5563207E+002,-6.2118379E-002,-6.8768557E+001,-2.8917099E-002, 1.0328849E+002, 0.0000000E+000, 3.7200886E+002, 3.7309109E+002, 0.0000000E+000, 1.0977357E-002, 0.0000000E+000, 5.6944853E+004
 1.0704552E+001, 5.0310786E+002, 0.0000000E+000,-1.6263163E+002,-6.1653734E-002,-6.9051741E+001,-2.9175927E-002, 1.0422493E+002, 0.0000000E+000, 3.7643721E+002, 3.7555859E+002, 0.0000000E+000, 1.0977357E-002, 0.0000000E+000, 5.7400962E+004
 1.0804005E+001, 4.8876015E+002, 0.0000000E+000,-1.5411183E+002,-6.1949965E-002,-7.0057983E+001,-2.9149512E-002, 1.0216300E+002, 0.0000000E+000, 3.6653754E+002, 3.6666224E+002, 0.0000000E+000, 1.0977357E-002, 0.0000000E+000, 5.7872406E+004
 1.0903457E+001, 4.9351632E+002, 0.0000000E+000,-1.5370243E+002,-6.1823224E-002,-7.1341942E+001,-2.9109330E-002, 1.0311471E+002, 0.0000000E+000, 3.6842393E+002, 3.7149573E+002, 0.0000000E+000, 1.0977357E-002, 0.0000000E+000, 5.8346302E+004
 1.1002910E+001, 5.0706132E+002, 0.0000000E+000,-1.5982196E+002,-6.1827033E-002,-7.2047573E+001,-2.9335365E-002, 1.0706974E+002, 0.0000000E+000, 3.8511747E+002, 3.8217037E+002, 0.0000000E+000, 1.0977357E-002, 0.0000000E+000, 5.8842189E+004
 1.1108964E+001, 4.7578055E+002, 0.0000000E+000,-1.4716356E+002,-6.1321432E-002,-7.2493756E+001,-2.9397173E-002, 1.0059906E+002, 0.0000000E+000, 3.5660381E+002, 3.5663157E+002, 0.0000000E+000, 1.0977357E-002, 0.0000000E+000, 5.9337570E+004
 1.1202709E+001, 4.9287120E+002, 0.0000000E+000,-1.5583894E+002,-6.1271341E-002,-7.2853375E+001,-2.9596975E-002, 1.0109994E+002, 0.0000000E+000, 3.6268856E+002, 3.6518796E+002, 0.0000000E+000, 1.0977357E-002, 0.0000000E+000, 5.9776060E+004
 1.1302608E+001, 5.3567913E+002, 0.0000000E+000,-1.6558284E+002,-6.1719963E-002,-7.3477234E+001,-2.9548982E-002, 1.1300981E+002, 0.0000000E+000, 4.0572843E+002, 4.0953760E+002, 0.0000000E+000, 1.0977357E-002, 0.0000000E+000, 6.0297127E+004
 1.1408951E+001, 5.3076354E+002, 0.0000000E+000,-1.6693241E+002,-6.1874392E-002,-7.3944902E+001,-2.9183113E-002, 1.1295101E+002, 0.0000000E+000, 4.0648755E+002, 4.0274619E+002, 0.0000000E+000, 1.0977357E-002, 0.0000000E+000, 6.0856751E+004
 1.1503148E+001, 4.8573042E+002, 0.0000000E+000,-1.5526621E+002,-6.1752737E-002,-7.4279023E+001,-2.8999341E-002, 1.0145025E+002, 0.0000000E+000, 3.6182216E+002, 3.5754468E+002, 0.0000000E+000, 1.0977357E-002, 0.0000000E+000, 6.1303167E+004
 1.1602976E+001, 4.6283135E+002, 0.0000000E+000,-1.4815097E+002,-6.1514038E-002,-7.4698502E+001,-2.9397002E-002, 9.3226988E+001, 0.0000000E+000, 3.3391741E+002, 3.3311796E+002, 0.0000000E+000, 1.0977357E-002, 0.0000000E+000, 6.1736047E+004
 1.1705907E+001, 4.8001141E+002, 0.0000000E+000,-1.5637214E+002,-6.1059045E-002,-7.5739190E+001,-2.9758210E-002, 9.3952847E+001, 0.0000000E+000, 3.3849037E+002, 3.4176211E+002, 0.0000000E+000, 1.0977357E-002, 0.0000000E+000, 6.2182686E+004
 1.1806619E+001, 5.1922877E+002, 0.0000000E+000,-1.6614130E+002,-6.1910173E-002,-7.6784225E+001,-2.9432365E-002, 1.0449941E+002, 0.0000000E+000, 3.7784631E+002, 3.8071132E+002, 0.0000000E+000, 1.0977357E-002, 0.0000000E+000, 6.2668741E+004
 1.1902853E+001, 5.4162670E+002, 0.0000000E+000,-1.7647006E+002,-6.1995466E-002,-7.7271074E+001,-2.9164796E-002, 1.1028564E+002, 0.0000000E+000, 3.9890742E+002, 3.9808005E+002, 0.0000000E+000, 1.0977357E-002, 0.0000000E+000, 6.3161408E+004
 1.2009604E+001, 5.0778058E+002, 0.0000000E+000,-1.6656675E+002,-6.1531508E-002,-7.7619470E+001,-2.9264590E-002, 1.0269841E+002, 0.0000000E+000, 3.6938116E+002, 3.6620197E+002, 0.0000000E+000, 1.0977357E-002, 0.0000000E+000, 6.3672588E+004
 1.2109306E+001, 4.8613587E+002, 0.0000000E+000,-1.5766820E+002,-6.1283432E-002,-7.8516767E+001,-2.9490924E-002, 9.6651796E+001, 0.0000000E+000, 3.4674383E+002, 3.4651193E+002, 0.0000000E+000, 1.0977357E-002, 0.0000000E+000, 6.4120042E+004
 1.2210115E+001, 4.9157620E+002, 0.0000000E+000,-1.6051593E+002,-6.1363011E-002,-7.9676225E+001,-2.9555803E-002, 9.6508444E+001, 0.0000000E+000, 3.4524164E+002, 3.4780157E+002, 0.0000000E+000, 1.0977357E-002, 0.0000000E+000, 6.4569827E+004
 1.2300624E+001, 5.1107046E+002, 0.0000000E+000,-1.6535119E+002,-6.2748306E-002,-8.0342131E+001,-2.8826253E-002, 1.0217100E+002, 0.0000000E+000, 3.6825075E+002, 3.6745656E+002, 0.0000000E+000, 1.0977357E-002, 0.0000000E+000, 6.4999046E+004
 1.2400863E+001, 4.8877373E+002, 0.0000000E+000,-1.6040477E+002,-6.2750510E-002,-8.0367725E+001,-2.8418297E-002, 9.7906133E+001, 0.0000000E+000, 3.4987782E+002, 3.4581620E+002, 0.0000000E+000, 1.0977357E-002, 0.0000000E+000, 6.5457022E+004
 1.2504233E+001, 4.5390693E+002, 0.0000000E+000,-1.4764852E+002,-6.2364764E-002,-8.0627676E+001,-2.8629506E-002, 8.8793858E+001, 0.0000000E+000, 3.1604235E+002, 3.1433360E+002, 0.0000000E+000, 1.0977357E-002, 0.0000000E+000, 6.5884502E+004
 1.2607604E+001, 4.4845299E+002, 0.0000000E+000,-1.4899032E+002,-6.1934681E-002,-8.1486839E+001,-2.8864033E-002, 8.4520584E+001, 0.0000000E+000, 3.0157385E+002, 3.0240562E+002, 0.0000000E+000, 1.0977357E-002, 0.0000000E+000, 6.6289740E+004
 1.2700638E+001, 4.8169857E+002, 0.0000000E+000,-1.5611218E+002,-6.1546701E-002,-8.2246317E+001,-2.9270101E-002, 9.2339977E+001, 0.0000000E+000, 3.2966159E+002, 3.3558923E+002, 0.0000000E+000, 1.0977357E-002, 0.0000000E+000, 6.6684717E+004
 1.2801711E+001, 5.3477355E+002, 0.0000000E+000,-1.7531240E+002,-6.2031815E-002,-8.2194528E+001,-2.9158936E-002, 1.0431418E+002, 0.0000000E+000, 3.7807052E+002, 3.8148961E+002, 0.0000000E+000, 1.0977357E-002, 0.0000000E+000, 6.7171469E+004
 1.2902784E+001, 5.5147274E+002, 0.0000000E+000,-1.8872138E+002,-6.2010922E-002,-8.1912644E+001,-2.9052556E-002, 1.0722793E+002, 0.0000000E+000, 3.9144764E+002, 3.8797558E+002, 0.0000000E+000, 1.0977357E-002, 0.0000000E+000, 6.7676115E+004
 1.3008451E+001, 4.9828990E+002, 0.0000000E+000,-1.7512298E+002,-6.1876567E-002,-8.1592397E+001,-2.9116298E-002, 9.4407683E+001, 0.0000000E+000, 3.4205093E+002, 3.3589122E+002, 0.0000000E+000, 1.0977357E-002, 0.0000000E+000, 6.8143471E+004
 1.3110094E+001, 4.5238041E+002, 0.0000000E+000,-1.6026426E+002,-6.1747235E-002,-8.1792782E+001,-2.9050226E-002, 8.1163686E+001, 0.0000000E+000, 2.9269824E+002, 2.9139626E+002, 0.0000000E+000, 1.0977357E-002, 0.0000000E+000, 6.8527581E+004
 1.3200444E+001, 4.6610665E+002, 0.0000000E+000,-1.6460540E+002,-6.1838252E-002,-8.2572916E+001,-2.9108135E-002, 8.2624282E+001, 0.0000000E+000, 2.9987068E+002, 3.0146166E+002, 0.0000000E+000, 1.0977357E-002, 0.0000000E+000, 6.8872807E+004
 1.3302089E+001, 4.8539721E+002, 0.0000000E+000,-1.6741981E+002,-6.2305274E-002,-8.3489830E+001,-2.8864604E-002, 8.8314098E+001, 0.0000000E+000, 3.2045496E+002, 3.2271050E+002, 0.0000000E+000, 1.0977357E-002, 0.0000000E+000, 6.9287585E+004
 1.3403732E+001, 5.0809774E+002, 0.0000000E+000,-1.7449318E+002,-6.2215945E-002,-8.4592331E+001,-2.8794647E-002, 9.3777710E+001, 0.0000000E+000, 3.4057437E+002, 3.4269893E+002, 0.0000000E+000, 1.0977357E-002, 0.0000000E+000, 6.9728222E+004
 1.3505377E+001, 5.0378299E+002, 0.0000000E+000,-1.7589370E+002,-6.1871221E-002,-8.5701282E+001,-2.9052483E-002, 9.3687113E+001, 0.0000000E+000, 3.3848492E+002, 3.3578420E+002, 0.0000000E+000, 1.0977357E-002, 0.0000000E+000, 7.0171784E+004
 1.3607020E+001, 5.0199117E+002, 0.0000000E+000,-1.6961261E+002,-6.1943084E-002,-8.6673591E+001,-2.9125864E-002, 9.3875080E+001, 0.0000000E+000, 3.3723577E+002, 3.3948898E+002, 0.0000000E+000, 1.0977357E-002, 0.0000000E+000, 7.0613077E+004
 1.3708665E+001, 5.0775719E+002, 0.0000000E+000,-1.7376685E+002,-6.1872473E-002,-8.7495088E+001,-2.9211159E-002, 9.5161361E+001, 0.0000000E+000, 3.4289157E+002, 3.4156553E+002, 0.0000000E+000, 1.0977357E-002, 0.0000000E+000, 7.1062828E+004
 1.3810308E+001, 5.0211399E+002, 0.0000000E+000,-1.6808521E+002,-6.1920173E-002,-8.8242078E+001,-2.8973775E-002, 9.4463683E+001, 0.0000000E+000, 3.3825416E+002, 3.4015949E+002, 0.0000000E+000, 1.0977357E-002, 0.0000000E+000, 7.1507289E+004
 1.3900660E+001, 5.3052797E+002, 0.0000000E+000,-1.8075941E+002,-6.2729677E-002,-8.8428217E+001,-2.8456160E-002, 9.8397221E+001, 0.0000000E+000, 3.5772105E+002, 3.5964638E+002, 0.0000000E+000, 1.0977357E-002, 0.0000000E+000, 7.1919055E+004
 1.4002303E+001, 5.2153687E+002, 0.0000000E+000,-1.9027537E+002,-6.2260712E-002,-8.8416034E+001,-2.8693607E-002, 9.3296288E+001, 0.0000000E+000, 3.4151698E+002, 3.3605080E+002, 0.0000000E+000, 1.0977357E-002, 0.0000000E+000, 7.2362631E+004
 1.4103948E+001, 4.6894422E+002, 0.0000000E+000,-1.7070263E+002,-6.2059687E-002,-8.9068719E+001,-2.8834451E-002, 8.1214650E+001, 0.0000000E+000, 2.9383010E+002, 2.9029663E+002, 0.0000000E+000, 1.0977357E-002, 0.0000000E+000, 7.2748171E+004
 1.4203300E+001, 4.5036649E+002, 0.0000000E+000,-1.6255163E+002,-6.1938516E-002,-9.0043282E+001,-2.8980416E-002, 7.6056296E+001, 0.0000000E+000, 2.7339879E+002, 2.7373696E+002, 0.0000000E+000, 1.0977357E-002, 0.0000000E+000, 7.3098793E+004
 1.4302746E+001, 4.6321650E+002, 0.0000000E+000,-1.6784224E+002,-6.2016069E-002,-9.0802959E+001,-2.8960664E-002, 7.7268342E+001, 0.0000000E+000, 2.7947879E+002, 2.8174866E+002, 0.0000000E+000, 1.0977357E-002, 0.0000000E+000, 7.3453960E+004
 1.4403208E+001, 5.0781966E+002, 0.0000000E+000,-1.7882558E+002,-6.2141507E-002,-9.1464949E+001,-2.8986362E-002, 8.8431795E+001, 0.0000000E+000, 3.2181202E+002, 3.2586980E+002, 0.0000000E+000, 1.0977357E-002, 0.0000000E+000, 7.3863148E+004
 1.4503670E+001, 5.3675276E+002, 0.0000000E+000,-1.8972075E+002,-6.1745807E-002,-9.1850984E+001,-2.9238546E-002, 9.6159933E+001, 0.0000000E+000, 3.5029294E+002, 3.5124998E+002, 0.0000000E+000, 1.0977357E-002, 0.0000000E+000, 7.4310342E+004
 1.4602401E+001, 5.2202150E+002, 0.0000000E+000,-1.8829397E+002,-6.2025769E-002,-9.1920021E+001,-2.9015921E-002, 9.2737442E+001, 0.0000000E+000, 3.3763698E+002, 3.3445391E+002, 0.0000000E+000, 1.0977357E-002, 0.0000000E+000, 7.4737261E+004
 1.4707460E+001, 5.0020611E+002, 0.0000000E+000,-1.7951759E+002,-6.2029683E-002,-9.2518333E+001,-2.8895196E-002, 8.7229814E+001, 0.0000000E+000, 3.1575356E+002, 3.1530907E+002, 0.0000000E+000, 1.0977357E-002, 0.0000000E+000, 7.5162867E+004
 1.4801059E+001, 5.0591568E+002, 0.0000000E+000,-1.8128155E+002,-6.2043494E-002,-9.3615065E+001,-2.9008102E-002, 8.8493409E+001, 0.0000000E+000, 3.1835552E+002, 3.1942142E+002, 0.0000000E+000, 1.0977357E-002, 0.0000000E+000, 7.5546452E+004
 1.4906117E+001, 5.1602381E+002, 0.0000000E+000,-1.7947826E+002,-6.1935441E-002,-9.4413646E+001,-2.9130487E-002, 9.3006908E+001, 0.0000000E+000, 3.3457576E+002, 3.3504775E+002, 0.0000000E+000, 1.0977357E-002, 0.0000000E+000, 7.5999513E+004
 1.5000671E+001, 5.0078750E+002, 0.0000000E+000,-1.7932494E+002,-6.1554021E-002,-9.4524456E+001,-2.9296097E-002, 8.8113495E+001, 0.0000000E+000, 3.1712205E+002, 3.1496075E+002, 0.0000000E+000, 1.0977357E-002, 0.0000000E+000, 7.6387597E+004
 1.5100477E+001, 4.8269773E+002, 0.0000000E+000,-1.7611044E+002,-6.1828619E-002,-9.4640693E+001,-2.9190825E-002, 8.2053078E+001, 0.0000000E+000, 2.9342357E+002, 2.9390865E+002, 0.0000000E+000, 1.0977357E-002, 0.0000000E+000, 7.6767601E+004
 1.5201019E+001, 5.0477718E+002, 0.0000000E+000,-1.8152921E+002,-6.1682082E-002,-9.4913302E+001,-2.9023971E-002, 8.7463715E+001, 0.0000000E+000, 3.1490094E+002, 3.1570767E+002, 0.0000000E+000, 1.0977357E-002, 0.0000000E+000, 7.7175307E+004
 1.5302716E+001, 4.9236036E+002, 0.0000000E+000,-1.8019756E+002,-6.1705776E-002,-9.4901033E+001,-2.9232912E-002, 8.3658292E+001, 0.0000000E+000, 3.0233489E+002, 3.0082912E+002, 0.0000000E+000, 1.0977357E-002, 0.0000000E+000, 7.7571179E+004
 1.5410694E+001, 4.9117390E+002, 0.0000000E+000,-1.7863327E+002,-6.1453490E-002,-9.4845855E+001,-2.9410669E-002, 8.3036391E+001, 0.0000000E+000, 2.9897182E+002, 3.0064030E+002, 0.0000000E+000, 1.0977357E-002, 0.0000000E+000, 7.7986402E+004
 1.5502100E+001, 5.2293083E+002, 0.0000000E+000,-1.9068148E+002,-6.1404265E-002,-9.4952894E+001,-2.9563246E-002, 8.8574577E+001, 0.0000000E+000, 3.2227449E+002, 3.2578007E+002, 0.0000000E+000, 1.0977357E-002, 0.0000000E+000, 7.8360164E+004
 1.5604932E+001, 5.2822693E+002, 0.0000000E+000,-1.9469002E+002,-6.1821269E-002,-9.5412244E+001,-2.9277020E-002, 9.0734697E+001, 0.0000000E+000, 3.3076858E+002, 3.2876827E+002, 0.0000000E+000, 1.0977357E-002, 0.0000000E+000, 7.8794048E+004
 1.5707764E+001, 5.1098986E+002, 0.0000000E+000,-1.8567066E+002,-6.1798510E-002,-9.6399171E+001,-2.9242224E-002, 8.7577839E+001, 0.0000000E+000, 3.1701122E+002, 3.1640682E+002, 0.0000000E+000, 1.0977357E-002, 0.0000000E+000, 7.9212346E+004
 1.5810596E+001, 4.9287659E+002, 0.0000000E+000,-1.8699377E+002,-6.1861790E-002,-9.7135032E+001,-2.9242250E-002, 8.0934227E+001, 0.0000000E+000, 2.9322614E+002, 2.8959091E+002, 0.0000000E+000, 1.0977357E-002, 0.0000000E+000, 7.9601197E+004
 1.5908857E+001, 4.8072708E+002, 0.0000000E+000,-1.8054220E+002,-6.1452484E-002,-9.7554873E+001,-2.9260004E-002, 7.7411494E+001, 0.0000000E+000, 2.7828579E+002, 2.7995079E+002, 0.0000000E+000, 1.0977357E-002, 0.0000000E+000, 7.9953119E+004
 1.6009405E+001, 4.9297225E+002, 0.0000000E+000,-1.8535608E+002,-6.1577518E-002,-9.8023892E+001,-2.9333732E-002, 7.9719193E+001, 0.0000000E+000, 2.8989827E+002, 2.8922056E+002, 0.0000000E+000, 1.0977357E-002, 0.0000000E+000, 8.0325615E+004
 1.6100622E+001, 4.9573747E+002, 0.0000000E+000,-1.8944506E+002,-6.1737769E-002,-9.8385447E+001,-2.9214514E-002, 7.7784780E+001, 0.0000000E+000, 2.8528368E+002, 2.8560079E+002, 0.0000000E+000, 1.0977357E-002, 0.0000000E+000, 8.0654780E+004
 1.6203993E+001, 5.1102989E+002, 0.0000000E+000,-1.9910895E+002,-6.2324298E-002,-9.8653709E+001,-2.8859184E-002, 7.8543885E+001, 0.0000000E+000, 2.9198209E+002, 2.9171994E+002, 0.0000000E+000, 1.0977357E-002, 0.0000000E+000, 8.1031864E+004
 1.6302866E+001, 5.0342395E+002, 0.0000000E+000,-2.0393759E+002,-6.1716567E-002,-9.9284821E+001,-2.9166887E-002, 7.4535082E+001, 0.0000000E+000, 2.7698961E+002, 2.7464574E+002, 0.0000000E+000, 1.0977357E-002, 0.0000000E+000, 8.1375098E+004
 1.6405245E+001, 4.9071995E+002, 0.0000000E+000,-1.9625009E+002,-6.1766436E-002,-9.9995811E+001,-2.9171087E-002, 7.2712292E+001, 0.0000000E+000, 2.6848929E+002, 2.6709540E+002, 0.0000000E+000, 1.0977357E-002, 0.0000000E+000, 8.1721213E+004
 1.6507214E+001, 4.6862061E+002, 0.0000000E+000,-1.9004111E+002,-6.1961529E-002,-1.0099141E+002,-2.8945801E-002, 6.6762021E+001, 0.0000000E+000, 2.4537456E+002, 2.4425920E+002, 0.0000000E+000, 1.0977357E-002, 0.0000000E+000, 8.2037983E+004
 1.6602371E+001, 4.8769769E+002, 0.0000000E+000,-1.8894557E+002,-6.2306093E-002,-1.0240544E+002,-2.8984559E-002, 7.2783371E+001, 0.0000000E+000, 2.6529831E+002, 2.6903876E+002, 0.0000000E+000, 1.0977357E-002, 0.0000000E+000, 8.2356681E+004
 1.6708103E+001, 4.9745783E+002, 0.0000000E+000,-1.9219513E+002,-6.2367850E-002,-1.0359499E+002,-2.8747463E-002, 7.7202316E+001, 0.0000000E+000, 2.8019873E+002, 2.7877891E+002, 0.0000000E+000, 1.0977357E-002, 0.0000000E+000, 8.2736041E+004
 1.6803263E+001, 4.8898086E+002, 0.0000000E+000,-1.9056367E+002,-6.2536989E-002,-1.0404355E+002,-2.8444081E-002, 7.4132313E+001, 0.0000000E+000, 2.6865579E+002, 2.6841497E+002, 0.0000000E+000, 1.0977357E-002, 0.0000000E+000, 8.3063660E+004
 1.6904688E+001, 4.9128069E+002, 0.0000000E+000,-1.9247833E+002,-6.2112103E-002,-1.0450518E+002,-2.8861379E-002, 7.3473947E+001, 0.0000000E+000, 2.6756335E+002, 2.6768015E+002, 0.0000000E+000, 1.0977357E-002, 0.0000000E+000, 8.3409371E+004
 1.7008204E+001, 4.8346331E+002, 0.0000000E+000,-1.9158738E+002,-6.1742511E-002,-1.0497637E+002,-2.9086730E-002, 7.1290815E+001, 0.0000000E+000, 2.5819720E+002, 2.5809954E+002, 0.0000000E+000, 1.0977357E-002, 0.0000000E+000, 8.3751704E+004
 1.7102222E+001, 5.0751227E+002, 0.0000000E+000,-1.9388753E+002,-6.1881106E-002,-1.0550641E+002,-2.9114630E-002, 7.8201864E+001, 0.0000000E+000, 2.8354717E+002, 2.8622920E+002, 0.0000000E+000, 1.0977357E-002, 0.0000000E+000, 8.4091180E+004
 1.7204208E+001, 5.1840820E+002, 0.0000000E+000,-2.0123096E+002,-6.1877000E-002,-1.0635983E+002,-2.9122126E-002, 8.0268960E+001, 0.0000000E+000, 2.9178414E+002, 2.9099537E+002, 0.0000000E+000, 1.0977357E-002, 0.0000000E+000, 8.4471470E+004
 1.7302715E+001, 5.0077303E+002, 0.0000000E+000,-1.9957691E+002,-6.1741978E-002,-1.0712859E+002,-2.9236996E-002, 7.4521892E+001, 0.0000000E+000, 2.7107540E+002, 2.6849844E+002, 0.0000000E+000, 1.0977357E-002, 0.0000000E+000, 8.4813923E+004
 1.7411074E+001, 4.9366356E+002, 0.0000000E+000,-1.9751983E+002,-6.1619851E-002,-1.0741453E+002,-2.9305803E-002, 7.1350965E+001, 0.0000000E+000, 2.5904068E+002, 2.5998925E+002, 0.0000000E+000, 1.0977357E-002, 0.0000000E+000, 8.5172217E+004
 1.7500189E+001, 5.1282433E+002, 0.0000000E+000,-2.0324145E+002,-6.2016634E-002,-1.0749481E+002,-2.9067429E-002, 7.4915557E+001, 0.0000000E+000, 2.7499660E+002, 2.7691254E+002, 0.0000000E+000, 1.0977357E-002, 0.0000000E+000, 8.5480793E+004
 1.7600447E+001, 5.2379674E+002, 0.0000000E+000,-2.0881661E+002,-6.2075011E-002,-1.0793522E+002,-2.9019024E-002, 7.7976244E+001, 0.0000000E+000, 2.8627572E+002, 2.8493007E+002, 0.0000000E+000, 1.0977357E-002, 0.0000000E+000, 8.5843934E+004
 1.7700703E+001, 4.9776341E+002, 0.0000000E+000,-2.0031316E+002,-6.1766042E-002,-1.0832660E+002,-2.9182012E-002, 7.2961012E+001, 0.0000000E+000, 2.6391211E+002, 2.6199372E+002, 0.0000000E+000, 1.0977357E-002, 0.0000000E+000, 8.6184386E+004
 1.7800959E+001, 4.9805032E+002, 0.0000000E+000,-1.9674203E+002,-6.1825029E-002,-1.0882297E+002,-2.9206642E-002, 7.3075801E+001, 0.0000000E+000, 2.6446318E+002, 2.6547009E+002, 0.0000000E+000, 1.0977357E-002, 0.0000000E+000, 8.6523733E+004
 1.7901215E+001, 5.1219703E+002, 0.0000000E+000,-2.0333118E+002,-6.1589842E-002,-1.0965902E+002,-2.9284771E-002, 7.5964130E+001, 0.0000000E+000, 2.7368284E+002, 2.7508009E+002, 0.0000000E+000, 1.0977357E-002, 0.0000000E+000, 8.6876101E+004
 1.8003738E+001, 5.1948898E+002, 0.0000000E+000,-2.0402743E+002,-6.1868716E-002,-1.1039749E+002,-2.9231107E-002, 7.8220768E+001, 0.0000000E+000, 2.8348489E+002, 2.8319373E+002, 0.0000000E+000, 1.0977357E-002, 0.0000000E+000, 8.7248539E+004
 1.8109072E+001, 5.2075279E+002, 0.0000000E+000,-2.0711269E+002,-6.1305022E-002,-1.1062189E+002,-2.9452947E-002, 7.7084392E+001, 0.0000000E+000, 2.7816482E+002, 2.8001185E+002, 0.0000000E+000, 1.0977357E-002, 0.0000000E+000, 8.7624118E+004
 1.8204634E+001, 5.1522461E+002, 0.0000000E+000,-2.1009646E+002,-6.1571471E-002,-1.1059197E+002,-2.9580443E-002, 7.5279146E+001, 0.0000000E+000, 2.7423408E+002, 2.6972417E+002, 0.0000000E+000, 1.0977357E-002, 0.0000000E+000, 8.7960737E+004
 1.8300196E+001, 4.8834992E+002, 0.0000000E+000,-2.0359210E+002,-6.1490606E-002,-1.1033973E+002,-2.9568659E-002, 6.6551083E+001, 0.0000000E+000, 2.4192771E+002, 2.4087811E+002, 0.0000000E+000, 1.0977357E-002, 0.0000000E+000, 8.8257059E+004
 1.8407701E+001, 4.8443638E+002, 0.0000000E+000,-2.0648388E+002,-6.1653213E-002,-1.1050186E+002,-2.9220131E-002, 6.3763516E+001, 0.0000000E+000, 2.3235150E+002, 2.3112328E+002, 0.0000000E+000, 1.0977357E-002, 0.0000000E+000, 8.8575769E+004
 1.8505325E+001, 4.8850002E+002, 0.0000000E+000,-2.0299978E+002,-6.1817644E-002,-1.1076129E+002,-2.9156917E-002, 6.6176782E+001, 0.0000000E+000, 2.3921635E+002, 2.4082476E+002, 0.0000000E+000, 1.0977357E-002, 0.0000000E+000, 8.8874489E+004
 1.8606009E+001, 4.8747577E+002, 0.0000000E+000,-2.0514917E+002,-6.1618192E-002,-1.1083501E+002,-2.9358911E-002, 6.4835284E+001, 0.0000000E+000, 2.3718233E+002, 2.3623590E+002, 0.0000000E+000, 1.0977357E-002, 0.0000000E+000, 8.9178242E+004
 1.8704697E+001, 4.9968271E+002, 0.0000000E+000,-2.0959176E+002,-6.1423514E-002,-1.1114378E+002,-2.9495381E-002, 6.6384803E+001, 0.0000000E+000, 2.4277936E+002, 2.4524106E+002, 0.0000000E+000, 1.0977357E-002, 0.0000000E+000, 8.9480675E+004
 1.8803385E+001, 5.1126812E+002, 0.0000000E+000,-2.1044622E+002,-6.1341968E-002,-1.1162648E+002,-2.9594998E-002, 7.1437663E+001, 0.0000000E+000, 2.5949754E+002, 2.6054215E+002, 0.0000000E+000, 1.0977357E-002, 0.0000000E+000, 8.9807027E+004
 1.8909750E+001, 5.1198154E+002, 0.0000000E+000,-2.1153604E+002,-6.1644680E-002,-1.1191140E+002,-2.9377950E-002, 7.1346910E+001, 0.0000000E+000, 2.5931907E+002, 2.5978999E+002, 0.0000000E+000, 1.0977357E-002, 0.0000000E+000, 9.0159039E+004
 1.9006245E+001, 5.2189709E+002, 0.0000000E+000,-2.1470533E+002,-6.1793312E-002,-1.1185311E+002,-2.9335402E-002, 7.4057519E+001, 0.0000000E+000, 2.6912976E+002, 2.6930504E+002, 0.0000000E+000, 1.0977357E-002, 0.0000000E+000, 9.0490504E+004
 1.9102348E+001, 4.9394149E+002, 0.0000000E+000,-2.0789367E+002,-6.2326984E-002,-1.1180673E+002,-2.8782759E-002, 6.7860248E+001, 0.0000000E+000, 2.4524584E+002, 2.4201023E+002, 0.0000000E+000, 1.0977357E-002, 0.0000000E+000, 9.0795361E+004
 1.9207399E+001, 4.7984482E+002, 0.0000000E+000,-2.0532724E+002,-6.2204456E-002,-1.1181360E+002,-2.8904688E-002, 6.2117474E+001, 0.0000000E+000, 2.2655400E+002, 2.2473034E+002, 0.0000000E+000, 1.0977357E-002, 0.0000000E+000, 9.1099803E+004
 1.9306147E+001, 4.6566759E+002, 0.0000000E+000,-2.0680979E+002,-6.1489563E-002,-1.1191224E+002,-2.9355910E-002, 5.5111844E+001, 0.0000000E+000, 2.0246266E+002, 2.0196657E+002, 0.0000000E+000, 1.0977357E-002, 0.0000000E+000, 9.1352812E+004
 1.9403214E+001, 4.7690694E+002, 0.0000000E+000,-2.0756084E+002,-6.1819722E-002,-1.1261092E+002,-2.9308281E-002, 5.7615784E+001, 0.0000000E+000, 2.1266402E+002, 2.1425983E+002, 0.0000000E+000, 1.0977357E-002, 0.0000000E+000, 9.1611189E+004
 1.9504902E+001, 4.9634015E+002, 0.0000000E+000,-2.1436863E+002,-6.1822055E-002,-1.1337138E+002,-2.9260639E-002, 6.2322365E+001, 0.0000000E+000, 2.2936619E+002, 2.3083141E+002, 0.0000000E+000, 1.0977357E-002, 0.0000000E+000, 9.1904136E+004
 1.9611675E+001, 4.9878052E+002, 0.0000000E+000,-2.1776362E+002,-6.1382484E-002,-1.1365831E+002,-2.9406944E-002, 6.2640124E+001, 0.0000000E+000, 2.2985868E+002, 2.2990792E+002, 0.0000000E+000, 1.0977357E-002, 0.0000000E+000, 9.2214284E+004
 1.9707830E+001, 5.1260949E+002, 0.0000000E+000,-2.1967319E+002,-6.1005762E-002,-1.1376316E+002,-2.9661851E-002, 6.6063913E+001, 0.0000000E+000, 2.4317957E+002, 2.4514638E+002, 0.0000000E+000, 1.0977357E-002, 0.0000000E+000, 9.2507703E+004
 1.9805914E+001, 5.1234401E+002, 0.0000000E+000,-2.2486187E+002,-6.1395412E-002,-1.1363064E+002,-2.9591496E-002, 6.4673284E+001, 0.0000000E+000, 2.4140032E+002, 2.3843380E+002, 0.0000000E+000, 1.0977357E-002, 0.0000000E+000, 9.2803805E+004
 1.9903997E+001, 5.0027893E+002, 0.0000000E+000,-2.1917651E+002,-6.1881690E-002,-1.1393821E+002,-2.9160171E-002, 6.1609099E+001, 0.0000000E+000, 2.2732087E+002, 2.2868226E+002, 0.0000000E+000, 1.0977357E-002, 0.0000000E+000, 9.3083277E+004
 2.0002083E+001, 5.2607784E+002, 0.0000000E+000,-2.2332621E+002,-6.2533879E-002,-1.1471661E+002,-2.8740671E-002, 6.9085538E+001, 0.0000000E+000, 2.5641226E+002, 2.5702929E+002, 0.0000000E+000, 1.0977357E-002, 0.0000000E+000, 9.3396837E+004
 2.0106882E+001, 5.0263185E+002, 0.0000000E+000,-2.1651200E+002,-6.2226870E-002,-1.1564229E+002,-2.9006211E-002, 6.5540622E+001, 0.0000000E+000, 2.3881638E+002, 2.3592696E+002, 0.0000000E+000, 1.0977357E-002, 0.0000000E+000, 9.3717530E+004
 2.0203972E+001, 4.6791543E+002, 0.0000000E+000,-2.0893139E+002,-6.1905830E-002,-1.1647537E+002,-2.9145560E-002, 5.4876554E+001, 0.0000000E+000, 1.9964566E+002, 1.9729417E+002, 0.0000000E+000, 1.0977357E-002, 0.0000000E+000, 9.3966795E+004
 2.0303272E+001, 4.7244072E+002, 0.0000000E+000,-2.1244916E+002,-6.2285130E-002,-1.1711335E+002,-2.8942318E-002, 5.3168665E+001, 0.0000000E+000, 1.9367473E+002, 1.9595566E+002, 0.0000000E+000, 1.0977357E-002, 0.0000000E+000, 9.4210597E+004
 2.0402573E+001, 4.9484211E+002, 0.0000000E+000,-2.2114669E+002,-6.2239084E-002,-1.1755433E+002,-2.8663288E-002, 5.7602545E+001, 0.0000000E+000, 2.1299079E+002, 2.1365273E+002, 0.0000000E+000, 1.0977357E-002, 0.0000000E+000, 9.4475517E+004
 2.0501871E+001, 4.9152680E+002, 0.0000000E+000,-2.2179050E+002,-6.1743910E-002,-1.1785977E+002,-2.8977386E-002, 5.7671029E+001, 0.0000000E+000, 2.1050184E+002, 2.0945683E+002, 0.0000000E+000, 1.0977357E-002, 0.0000000E+000, 9.4741582E+004
 2.0601171E+001, 4.8329929E+002, 0.0000000E+000,-2.1617943E+002,-6.1819075E-002,-1.1785870E+002,-2.9227320E-002, 5.6645273E+001, 0.0000000E+000, 2.0511141E+002, 2.0581539E+002, 0.0000000E+000, 1.0977357E-002, 0.0000000E+000, 9.5002336E+004
 2.0700472E+001, 4.9793774E+002, 0.0000000E+000,-2.1988810E+002,-6.2228504E-002,-1.1809724E+002,-2.8993718E-002, 5.9175387E+001, 0.0000000E+000, 2.1765022E+002, 2.1903656E+002, 0.0000000E+000, 1.0977357E-002, 0.0000000E+000, 9.5274132E+004
 2.0812183E+001, 5.1912122E+002, 0.0000000E+000,-2.2962983E+002,-6.1949573E-002,-1.1847595E+002,-2.8965454E-002, 6.2856776E+001, 0.0000000E+000, 2.3323706E+002, 2.3378130E+002, 0.0000000E+000, 1.0977357E-002, 0.0000000E+000, 9.5599490E+004
 2.0911484E+001, 4.9960202E+002, 0.0000000E+000,-2.3005507E+002,-6.1508785E-002,-1.1877323E+002,-2.9270090E-002, 5.7337763E+001, 0.0000000E+000, 2.1232978E+002, 2.0802070E+002, 0.0000000E+000, 1.0977357E-002, 0.0000000E+000, 9.5866381E+004
 2.1010784E+001, 4.8819954E+002, 0.0000000E+000,-2.2184171E+002,-6.1647081E-002,-1.1905652E+002,-2.9300077E-002, 5.4293393E+001, 0.0000000E+000, 1.9884818E+002, 2.0150375E+002, 0.0000000E+000, 1.0977357E-002, 0.0000000E+000, 9.6115067E+004
 2.1104811E+001, 5.1783178E+002, 0.0000000E+000,-2.3284656E+002,-6.1992016E-002,-1.1977543E+002,-2.9166944E-002, 5.9908223E+001, 0.0000000E+000, 2.2349898E+002, 2.2502686E+002, 0.0000000E+000, 1.0977357E-002, 0.0000000E+000, 9.6375317E+004
 2.1204662E+001, 5.1539663E+002, 0.0000000E+000,-2.3163214E+002,-6.1777550E-002,-1.2056697E+002,-2.9218113E-002, 6.1207491E+001, 0.0000000E+000, 2.2568743E+002, 2.2431402E+002, 0.0000000E+000, 1.0977357E-002, 0.0000000E+000, 9.6659625E+004
 2.1308952E+001, 4.9661254E+002, 0.0000000E+000,-2.2404707E+002,-6.1804212E-002,-1.2134385E+002,-2.9242609E-002, 5.7237659E+001, 0.0000000E+000, 2.0969159E+002, 2.0836822E+002, 0.0000000E+000, 1.0977357E-002, 0.0000000E+000, 9.6937621E+004
 2.1406584E+001, 4.9245310E+002, 0.0000000E+000,-2.2664297E+002,-6.1814566E-002,-1.2212960E+002,-2.9037485E-002, 5.4517321E+001, 0.0000000E+000, 1.9786676E+002, 1.9810700E+002, 0.0000000E+000, 1.0977357E-002, 0.0000000E+000, 9.7184623E+004
 2.1504217E+001, 4.9923305E+002, 0.0000000E+000,-2.2772277E+002,-6.2099007E-002,-1.2258940E+002,-2.8809169E-002, 5.5979726E+001, 0.0000000E+000, 2.0362258E+002, 2.0480970E+002, 0.0000000E+000, 1.0977357E-002, 0.0000000E+000, 9.7437468E+004
 2.1601370E+001, 4.9767828E+002, 0.0000000E+000,-2.2830454E+002,-6.1970665E-002,-1.2266282E+002,-2.9101964E-002, 5.5715704E+001, 0.0000000E+000, 2.0401894E+002, 2.0233555E+002, 0.0000000E+000, 1.0977357E-002, 0.0000000E+000, 9.7689796E+004
 2.1709316E+001, 5.0053549E+002, 0.0000000E+000,-2.3038710E+002,-6.1995047E-002,-1.2279320E+002,-2.8967748E-002, 5.4349287E+001, 0.0000000E+000, 1.9928855E+002, 2.0161352E+002, 0.0000000E+000, 1.0977357E-002, 0.0000000E+000, 9.7960651E+004
 2.1803232E+001, 5.3027888E+002, 0.0000000E+000,-2.3880567E+002,-6.1620488E-002,-1.2331318E+002,-2.9328765E-002, 6.1555084E+001, 0.0000000E+000, 2.2824317E+002, 2.2962416E+002, 0.0000000E+000, 1.0977357E-002, 0.0000000E+000, 9.8227728E+004
 2.1910099E+001, 5.1332149E+002, 0.0000000E+000,-2.3667661E+002,-6.1702340E-002,-1.2405734E+002,-2.9295779E-002, 5.7717868E+001, 0.0000000E+000, 2.1393317E+002, 2.1021440E+002, 0.0000000E+000, 1.0977357E-002, 0.0000000E+000, 9.8516597E+004
 2.2000462E+001, 4.9250961E+002, 0.0000000E+000,-2.3216983E+002,-6.1664903E-002,-1.2495872E+002,-2.9346719E-002, 5.1177967E+001, 0.0000000E+000, 1.8799797E+002, 1.8646801E+002, 0.0000000E+000, 1.0977357E-002, 0.0000000E+000, 9.8732206E+004
 2.2103966E+001, 4.8363427E+002, 0.0000000E+000,-2.3102956E+002,-6.1800974E-002,-1.2554759E+002,-2.9259653E-002, 4.7791387E+001, 0.0000000E+000, 1.7522087E+002, 1.7475745E+002, 0.0000000E+000, 1.0977357E-002, 0.0000000E+000, 9.8962167E+004
 2.2212070E+001, 4.8839673E+002, 0.0000000E+000,-2.2942762E+002,-6.1920461E-002,-1.2586395E+002,-2.9015812E-002, 5.0026725E+001, 0.0000000E+000, 1.8027260E+002, 1.8304095E+002, 0.0000000E+000, 1.0977357E-002, 0.0000000E+000, 9.9210960E+004
 2.2300623E+001, 5.1895960E+002, 0.0000000E+000,-2.3770739E+002,-6.2354137E-002,-1.2583655E+002,-2.8688018E-002, 5.7372879E+001, 0.0000000E+000, 2.1127729E+002, 2.1269749E+002, 0.0000000E+000, 1.0977357E-002, 0.0000000E+000, 9.9445731E+004
 2.2410402E+001, 5.1667782E+002, 0.0000000E+000,-2.3994818E+002,-6.2274419E-002,-1.2593357E+002,-2.8690474E-002, 5.6822449E+001, 0.0000000E+000, 2.0876779E+002, 2.0752756E+002, 0.0000000E+000, 1.0977357E-002, 0.0000000E+000, 9.9735825E+004
 2.2500740E+001, 4.9680066E+002, 0.0000000E+000,-2.3180815E+002,-6.2404445E-002,-1.2613417E+002,-2.8739548E-002, 5.3238617E+001, 0.0000000E+000, 1.9456715E+002, 1.9200582E+002, 0.0000000E+000, 1.0977357E-002, 0.0000000E+000, 9.9960584E+004
 2.2602367E+001, 4.7717218E+002, 0.0000000E+000,-2.3091742E+002,-6.2161957E-002,-1.2658032E+002,-2.8821407E-002, 4.6104597E+001, 0.0000000E+000, 1.6804067E+002, 1.6568805E+002, 0.0000000E+000, 1.0977357E-002, 0.0000000E+000, 1.0017967E+005
 2.2700609E+001, 4.7507649E+002, 0.0000000E+000,-2.3038818E+002,-6.2102198E-002,-1.2719380E+002,-2.8882622E-002, 4.4143260E+001, 0.0000000E+000, 1.5961355E+002, 1.6154678E+002, 0.0000000E+000, 1.0977357E-002, 0.0000000E+000, 1.0037986E+005
 2.2812401E+001, 4.9287200E+002, 0.0000000E+000,-2.3657735E+002,-6.1851253E-002,-1.2741851E+002,-2.9237675E-002, 4.8090358E+001, 0.0000000E+000, 1.7598137E+002, 1.7687540E+002, 0.0000000E+000, 1.0977357E-002, 0.0000000E+000, 1.0062854E+005
 2.2911772E+001, 5.1161115E+002, 0.0000000E+000,-2.4079737E+002,-6.1908829E-002,-1.2730164E+002,-2.9169208E-002, 5.3641085E+001, 0.0000000E+000, 1.9540614E+002, 1.9706215E+002, 0.0000000E+000, 1.0977357E-002, 0.0000000E+000, 1.0087450E+005
 2.3011143E+001, 5.0264964E+002, 0.0000000E+000,-2.3842711E+002,-6.1705445E-002,-1.2711345E+002,-2.9127997E-002, 5.2528973E+001, 0.0000000E+000, 1.9047359E+002, 1.8954722E+002, 0.0000000E+000, 1.0977357E-002, 0.0000000E+000, 1.0111744E+005
 2.3110514E+001, 5.0262717E+002, 0.0000000E+000,-2.3704221E+002,-6.1882270E-002,-1.2715215E+002,-2.9186913E-002, 5.2339947E+001, 0.0000000E+000, 1.9111004E+002, 1.9068168E+002, 0.0000000E+000, 1.0977357E-002, 0.0000000E+000, 1.0135918E+005
 2.3209885E+001, 4.8733097E+002, 0.0000000E+000,-2.3809803E+002,-6.2171167E-002,-1.2730228E+002,-2.8900410E-002, 4.6538068E+001, 0.0000000E+000, 1.7124811E+002, 1.6837766E+002, 0.0000000E+000, 1.0977357E-002, 0.0000000E+000, 1.0157586E+005
 2.3309254E+001, 4.9232448E+002, 0.0000000E+000,-2.4020481E+002,-6.2185687E-002,-1.2743963E+002,-2.8709426E-002, 4.5505354E+001, 0.0000000E+000, 1.6762185E+002, 1.7009451E+002, 0.0000000E+000, 1.0977357E-002, 0.0000000E+000, 1.0178407E+005
 2.3408966E+001, 5.1488835E+002, 0.0000000E+000,-2.4866034E+002,-6.2018411E-002,-1.2747718E+002,-2.8982329E-002, 5.0226633E+001, 0.0000000E+000, 1.8902435E+002, 1.8888646E+002, 0.0000000E+000, 1.0977357E-002, 0.0000000E+000, 1.0201656E+005
 2.3503138E+001, 4.9415255E+002, 0.0000000E+000,-2.4226437E+002,-6.1902667E-002,-1.2796566E+002,-2.8993921E-002, 4.6376919E+001, 0.0000000E+000, 1.7177549E+002, 1.7020854E+002, 0.0000000E+000, 1.0977357E-002, 0.0000000E+000, 1.0222008E+005
 2.3600634E+001, 4.8104489E+002, 0.0000000E+000,-2.3869027E+002,-6.1913496E-002,-1.2837530E+002,-2.9073695E-002, 4.2891978E+001, 0.0000000E+000, 1.5896404E+002, 1.5678030E+002, 0.0000000E+000, 1.0977357E-002, 0.0000000E+000, 1.0241549E+005
 2.3710316E+001, 4.8358058E+002, 0.0000000E+000,-2.4125837E+002,-6.2034903E-002,-1.2858250E+002,-2.9027717E-002, 4.1659264E+001, 0.0000000E+000, 1.5364067E+002, 1.5530792E+002, 0.0000000E+000, 1.0977357E-002, 0.0000000E+000, 1.0262646E+005
 2.3807810E+001, 5.0096041E+002, 0.0000000E+000,-2.4359113E+002,-6.2177623E-002,-1.2900979E+002,-2.8939960E-002, 4.7046671E+001, 0.0000000E+000, 1.7356926E+002, 1.7531504E+002, 0.0000000E+000, 1.0977357E-002, 0.0000000E+000, 1.0283793E+005
 2.3901026E+001, 5.1146987E+002, 0.0000000E+000,-2.4370144E+002,-6.1713888E-002,-1.2934785E+002,-2.9139704E-002, 5.1668379E+001, 0.0000000E+000, 1.8838367E+002, 1.8999811E+002, 0.0000000E+000, 1.0977357E-002, 0.0000000E+000, 1.0306008E+005
 2.4008625E+001, 5.0966852E+002, 0.0000000E+000,-2.4502966E+002,-6.1817284E-002,-1.2963437E+002,-2.9186863E-002, 5.1896033E+001, 0.0000000E+000, 1.8986378E+002, 1.8680951E+002, 0.0000000E+000, 1.0977357E-002, 0.0000000E+000, 1.0332116E+005
 2.4105467E+001, 4.9092452E+002, 0.0000000E+000,-2.4060269E+002,-6.1632233E-002,-1.2980453E+002,-2.9264018E-002, 4.5071689E+001, 0.0000000E+000, 1.6396103E+002, 1.6549809E+002, 0.0000000E+000, 1.0977357E-002, 0.0000000E+000, 1.0352320E+005
 2.4208763E+001, 5.2549462E+002, 0.0000000E+000,-2.5191938E+002,-6.1701290E-002,-1.3064961E+002,-2.9322270E-002, 5.1375349E+001, 0.0000000E+000, 1.9129471E+002, 1.9420996E+002, 0.0000000E+000, 1.0977357E-002, 0.0000000E+000, 1.0376733E+005
 2.4303452E+001, 5.3470301E+002, 0.0000000E+000,-2.5606499E+002,-6.1953389E-002,-1.3148893E+002,-2.9221787E-002, 5.5163756E+001, 0.0000000E+000, 2.0441640E+002, 2.0222167E+002, 0.0000000E+000, 1.0977357E-002, 0.0000000E+000, 1.0401053E+005
 2.4409975E+001, 4.9522311E+002, 0.0000000E+000,-2.4536306E+002,-6.2022400E-002,-1.3168970E+002,-2.8971097E-002, 4.5705598E+001, 0.0000000E+000, 1.6838280E+002, 1.6378496E+002, 0.0000000E+000, 1.0977357E-002, 0.0000000E+000, 1.0423986E+005
 2.4504663E+001, 4.7397592E+002, 0.0000000E+000,-2.4241711E+002,-6.1972345E-002,-1.3184374E+002,-2.8792837E-002, 3.7449205E+001, 0.0000000E+000, 1.3788581E+002, 1.3707351E+002, 0.0000000E+000, 1.0977357E-002, 0.0000000E+000, 1.0440530E+005
 2.4601719E+001, 4.8149587E+002, 0.0000000E+000,-2.4542054E+002,-6.1874648E-002,-1.3218916E+002,-2.9029355E-002, 3.7953532E+001, 0.0000000E+000, 1.4059857E+002, 1.4174880E+002, 0.0000000E+000, 1.0977357E-002, 0.0000000E+000, 1.0457575E+005
 2.4705875E+001, 4.8764464E+002, 0.0000000E+000,-2.4679321E+002,-6.1560778E-002,-1.3260813E+002,-2.9341764E-002, 3.9762724E+001, 0.0000000E+000, 1.4718844E+002, 1.4791512E+002, 0.0000000E+000, 1.0977357E-002, 0.0000000E+000, 1.0476750E+005
 2.4801538E+001, 4.9538927E+002, 0.0000000E+000,-2.4904392E+002,-6.3261301E-002,-1.3246354E+002,-2.9060247E-002, 4.1931103E+001, 0.0000000E+000, 1.5510039E+002, 1.5572059E+002, 0.0000000E+000, 1.0977357E-002, 0.0000000E+000, 1.0495290E+005
 2.4905973E+001, 5.2424576E+002, 0.0000000E+000,-2.5576184E+002,-6.2744658E-002,-1.3240281E+002,-2.8808851E-002, 4.8958405E+001, 0.0000000E+000, 1.8180432E+002, 1.8494796E+002, 0.0000000E+000, 1.0977357E-002, 0.0000000E+000, 1.0518763E+005
 2.5010406E+001, 5.1158396E+002, 0.0000000E+000,-2.5454706E+002,-6.1950062E-002,-1.3270187E+002,-2.8953015E-002, 4.7520797E+001, 0.0000000E+000, 1.7659201E+002, 1.7176492E+002, 0.0000000E+000, 1.0977357E-002, 0.0000000E+000, 1.0542094E+005
 2.5110298E+001, 4.7223993E+002, 0.0000000E+000,-2.4449851E+002,-6.1741530E-002,-1.3324123E+002,-2.9274013E-002, 3.5685183E+001, 0.0000000E+000, 1.3216745E+002, 1.3009437E+002, 0.0000000E+000, 1.0977357E-002, 0.0000000E+000, 1.0558824E+005
 2.5201866E+001, 4.8613887E+002, 0.0000000E+000,-2.5022090E+002,-6.1677458E-002,-1.3393838E+002,-2.9363830E-002, 3.6252147E+001, 0.0000000E+000, 1.3490269E+002, 1.3814070E+002, 0.0000000E+000, 1.0977357E-002, 0.0000000E+000, 1.0574036E+005
 2.5302591E+001, 5.1616587E+002, 0.0000000E+000,-2.5816429E+002,-6.1511943E-002,-1.3424610E+002,-2.9313832E-002, 4.4221824E+001, 0.0000000E+000, 1.6490243E+002, 1.6788649E+002, 0.0000000E+000, 1.0977357E-002, 0.0000000E+000, 1.0594480E+005
 2.5400391E+001, 5.2076239E+002, 0.0000000E+000,-2.5938933E+002,-6.1741652E-002,-1.3411808E+002,-2.9262673E-002, 4.7254492E+001, 0.0000000E+000, 1.7555301E+002, 1.7441847E+002, 0.0000000E+000, 1.0977357E-002, 0.0000000E+000, 1.0615950E+005
 2.5500544E+001, 5.0897905E+002, 0.0000000E+000,-2.5487182E+002,-6.1813800E-002,-1.3412714E+002,-2.9172685E-002, 4.5173533E+001, 0.0000000E+000, 1.6735425E+002, 1.6506264E+002, 0.0000000E+000, 1.0977357E-002, 0.0000000E+000, 1.0637108E+005
 2.5602922E+001, 4.9567700E+002, 0.0000000E+000,-2.5194616E+002,-6.1822637E-002,-1.3471257E+002,-2.9181854E-002, 4.0455707E+001, 0.0000000E+000, 1.4892911E+002, 1.4938297E+002, 0.0000000E+000, 1.0977357E-002, 0.0000000E+000, 1.0656318E+005
 2.5700850E+001, 4.9427105E+002, 0.0000000E+000,-2.5339213E+002,-6.1931765E-002,-1.3541860E+002,-2.9180392E-002, 3.9455097E+001, 0.0000000E+000, 1.4613438E+002, 1.4482431E+002, 0.0000000E+000, 1.0977357E-002, 0.0000000E+000, 1.0674328E+005
 2.5811018E+001, 4.9373614E+002, 0.0000000E+000,-2.5407631E+002,-6.2125903E-002,-1.3574926E+002,-2.8776139E-002, 3.8823151E+001, 0.0000000E+000, 1.4261653E+002, 1.4264282E+002, 0.0000000E+000, 1.0977357E-002, 0.0000000E+000, 1.0694170E+005
 2.5908945E+001, 4.8270817E+002, 0.0000000E+000,-2.5294095E+002,-6.1996983E-002,-1.3609375E+002,-2.8993582E-002, 3.5016066E+001, 0.0000000E+000, 1.3002054E+002, 1.2859854E+002, 0.0000000E+000, 1.0977357E-002, 0.0000000E+000, 1.0710207E+005
 2.6006872E+001, 4.9015919E+002, 0.0000000E+000,-2.5479820E+002,-6.1852117E-002,-1.3658865E+002,-2.8921009E-002, 3.5803264E+001, 0.0000000E+000, 1.3224483E+002, 1.3448484E+002, 0.0000000E+000, 1.0977357E-002, 0.0000000E+000, 1.0726338E+005
 2.6104799E+001, 4.9941283E+002, 0.0000000E+000,-2.5742367E+002,-6.1614122E-002,-1.3697816E+002,-2.9364418E-002, 3.9227511E+001, 0.0000000E+000, 1.4481853E+002, 1.4414753E+002, 0.0000000E+000, 1.0977357E-002, 0.0000000E+000, 1.0744179E+005
 2.6202728E+001, 4.9609018E+002, 0.0000000E+000,-2.5475680E+002,-6.1694657E-002,-1.3679943E+002,-2.9377444E-002, 3.8657359E+001, 0.0000000E+000, 1.4140145E+002, 1.4310024E+002, 0.0000000E+000, 1.0977357E-002, 0.0000000E+000, 1.0761666E+005
 2.6300655E+001, 5.1716523E+002, 0.0000000E+000,-2.6242173E+002,-6.1839310E-002,-1.3678375E+002,-2.9236337E-002, 4.2479577E+001, 0.0000000E+000, 1.5905466E+002, 1.6034825E+002, 0.0000000E+000, 1.0977357E-002, 0.0000000E+000, 1.0780881E+005
 2.6401459E+001, 5.1776905E+002, 0.0000000E+000,-2.6491976E+002,-6.1822198E-002,-1.3716073E+002,-2.9218045E-002, 4.3540007E+001, 0.0000000E+000, 1.6125779E+002, 1.5913752E+002, 0.0000000E+000, 1.0977357E-002, 0.0000000E+000, 1.0801359E+005
 2.6510489E+001, 4.7689023E+002, 0.0000000E+000,-2.5464057E+002,-6.1660461E-002,-1.3741565E+002,-2.9182764E-002, 3.3065100E+001, 0.0000000E+000, 1.2029520E+002, 1.1780827E+002, 0.0000000E+000, 1.0977357E-002, 0.0000000E+000, 1.0818313E+005
 2.6602074E+001, 4.8352594E+002, 0.0000000E+000,-2.5780417E+002,-6.1781436E-002,-1.3768437E+002,-2.9214747E-002, 3.1845360E+001, 0.0000000E+000, 1.1860688E+002, 1.1979176E+002, 0.0000000E+000, 1.0977357E-002, 0.0000000E+000, 1.0831778E+005
 2.6702820E+001, 4.8944695E+002, 0.0000000E+000,-2.6041615E+002,-6.1812452E-002,-1.3794835E+002,-2.9201659E-002, 3.4084363E+001, 0.0000000E+000, 1.2489524E+002, 1.2507580E+002, 0.0000000E+000, 1.0977357E-002, 0.0000000E+000, 1.0847636E+005
 2.6802988E+001, 5.0173842E+002, 0.0000000E+000,-2.5647515E+002,-6.1918527E-002,-1.3783734E+002,-2.9049202E-002, 3.9977588E+001, 0.0000000E+000, 1.4376256E+002, 1.4731255E+002, 0.0000000E+000, 1.0977357E-002, 0.0000000E+000, 1.0865969E+005
 2.6909637E+001, 5.2191440E+002, 0.0000000E+000,-2.6598267E+002,-6.1912107E-002,-1.3765224E+002,-2.9080040E-002, 4.3353908E+001, 0.0000000E+000, 1.6208914E+002, 1.6154240E+002, 0.0000000E+000, 1.0977357E-002, 0.0000000E+000, 1.0887470E+005
 2.7004436E+001, 5.0628070E+002, 0.0000000E+000,-2.6644515E+002,-6.2025629E-002,-1.3793516E+002,-2.9005580E-002, 3.8358856E+001, 0.0000000E+000, 1.4282152E+002, 1.4016821E+002, 0.0000000E+000, 1.0977357E-002, 0.0000000E+000, 1.0904493E+005
 2.7109901E+001, 4.9587831E+002, 0.0000000E+000,-2.6139967E+002,-6.2361772E-002,-1.3856296E+002,-2.8749922E-002, 3.5410547E+001, 0.0000000E+000, 1.3246203E+002, 1.3123512E+002, 0.0000000E+000, 1.0977357E-002, 0.0000000E+000, 1.0921914E+005
 2.7206999E+001, 4.8155969E+002, 0.0000000E+000,-2.5972884E+002,-6.2352632E-002,-1.3977752E+002,-2.8646651E-002, 3.1065363E+001, 0.0000000E+000, 1.1380499E+002, 1.1302768E+002, 0.0000000E+000, 1.0977357E-002, 0.0000000E+000, 1.0935943E+005
 2.7303686E+001, 4.8536412E+002, 0.0000000E+000,-2.5643198E+002,-6.2069609E-002,-1.4056627E+002,-2.8833189E-002, 3.3478719E+001, 0.0000000E+000, 1.1893316E+002, 1.2175370E+002, 0.0000000E+000, 1.0977357E-002, 0.0000000E+000, 1.0950807E+005
 2.7402622E+001, 5.1023131E+002, 0.0000000E+000,-2.6597326E+002,-6.1858511E-002,-1.4042821E+002,-2.8994415E-002, 3.8347013E+001, 0.0000000E+000, 1.4176169E+002, 1.4208599E+002, 0.0000000E+000, 1.0977357E-002, 0.0000000E+000, 1.0968392E+005
 2.7502550E+001, 5.0997596E+002, 0.0000000E+000,-2.6996340E+002,-6.1809434E-002,-1.4003513E+002,-2.9100647E-002, 3.6813324E+001, 0.0000000E+000, 1.3757131E+002, 1.3669985E+002, 0.0000000E+000, 1.0977357E-002, 0.0000000E+000, 1.0985508E+005
 2.7607624E+001, 4.9909908E+002, 0.0000000E+000,-2.6738287E+002,-6.1778218E-002,-1.3951077E+002,-2.9166557E-002, 3.3602814E+001, 0.0000000E+000, 1.2622565E+002, 1.2571732E+002, 0.0000000E+000, 1.0977357E-002, 0.0000000E+000, 1.1001943E+005
 2.7707813E+001, 5.0584710E+002, 0.0000000E+000,-2.6882469E+002,-6.1693923E-002,-1.3961126E+002,-2.9251329E-002, 3.4607381E+001, 0.0000000E+000, 1.3134384E+002, 1.3192759E+002, 0.0000000E+000, 1.0977357E-002, 0.0000000E+000, 1.1017983E+005
 2.7810328E+001, 5.0620283E+002, 0.0000000E+000,-2.6781222E+002,-6.1812605E-002,-1.4059178E+002,-2.9303978E-002, 3.5873783E+001, 0.0000000E+000, 1.3457970E+002, 1.3358150E+002, 0.0000000E+000, 1.0977357E-002, 0.0000000E+000, 1.1035083E+005
 2.7904299E+001, 4.8127572E+002, 0.0000000E+000,-2.6048620E+002,-6.1886049E-002,-1.4124039E+002,-2.9120258E-002, 3.0811026E+001, 0.0000000E+000, 1.1230537E+002, 1.1026915E+002, 0.0000000E+000, 1.0977357E-002, 0.0000000E+000, 1.1048626E+005
 2.8003582E+001, 4.9104734E+002, 0.0000000E+000,-2.6218468E+002,-6.2013164E-002,-1.4147547E+002,-2.9002342E-002, 3.2293240E+001, 0.0000000E+000, 1.1716759E+002, 1.1958942E+002, 0.0000000E+000, 1.0977357E-002, 0.0000000E+000, 1.1063351E+005
 2.8106779E+001, 5.0810987E+002, 0.0000000E+000,-2.6899072E+002,-6.2360936E-002,-1.4183307E+002,-2.8854362E-002, 3.5723020E+001, 0.0000000E+000, 1.3296842E+002, 1.3291788E+002, 0.0000000E+000, 1.0977357E-002, 0.0000000E+000, 1.1080453E+005
 2.8209974E+001, 5.1895537E+002, 0.0000000E+000,-2.7162960E+002,-6.2068845E-002,-1.4214809E+002,-2.8901203E-002, 3.8324729E+001, 0.0000000E+000, 1.4157656E+002, 1.4341144E+002, 0.0000000E+000, 1.0977357E-002, 0.0000000E+000, 1.1098657E+005
 2.8301706E+001, 5.2215528E+002, 0.0000000E+000,-2.7590276E+002,-6.2226439E-002,-1.4219131E+002,-2.8886996E-002, 3.9721250E+001, 0.0000000E+000, 1.4671138E+002, 1.4369135E+002, 0.0000000E+000, 1.0977357E-002, 0.0000000E+000, 1.1115708E+005
 2.8404902E+001, 4.9136326E+002, 0.0000000E+000,-2.6647711E+002,-6.1923765E-002,-1.4222226E+002,-2.9054962E-002, 3.2434938E+001, 0.0000000E+000, 1.1696686E+002, 1.1500785E+002, 0.0000000E+000, 1.0977357E-002, 0.0000000E+000, 1.1131408E+005
 2.8508099E+001, 4.8197523E+002, 0.0000000E+000,-2.6488261E+002,-6.1941891E-002,-1.4220192E+002,-2.8938220E-002, 2.8164702E+001, 0.0000000E+000, 1.0273268E+002, 1.0296453E+002, 0.0000000E+000, 1.0977357E-002, 0.0000000E+000, 1.1144910E+005
 2.8602123E+001, 4.9346638E+002, 0.0000000E+000,-2.6876574E+002,-6.1840708E-002,-1.4225774E+002,-2.9102006E-002, 3.0010760E+001, 0.0000000E+000, 1.1113660E+002, 1.1236272E+002, 0.0000000E+000, 1.0977357E-002, 0.0000000E+000, 1.1157924E+005
 2.8706984E+001, 4.9893158E+002, 0.0000000E+000,-2.7020927E+002,-6.1951000E-002,-1.4215804E+002,-2.9096928E-002, 3.1564090E+001, 0.0000000E+000, 1.1804354E+002, 1.1803730E+002, 0.0000000E+000, 1.0977357E-002, 0.0000000E+000, 1.1173283E+005
 2.8803051E+001, 5.0438610E+002, 0.0000000E+000,-2.7429479E+002,-6.1880231E-002,-1.4217852E+002,-2.8968197E-002, 3.1458411E+001, 0.0000000E+000, 1.1904047E+002, 1.1928035E+002, 0.0000000E+000, 1.0977357E-002, 0.0000000E+000, 1.1187279E+005
 2.8901350E+001, 5.1031746E+002, 0.0000000E+000,-2.7610816E+002,-6.1790100E-002,-1.4246353E+002,-2.9114437E-002, 3.3043766E+001, 0.0000000E+000, 1.2427887E+002, 1.2469863E+002, 0.0000000E+000, 1.0977357E-002, 0.0000000E+000, 1.1202308E+005
 2.9011938E+001, 4.9689146E+002, 0.0000000E+000,-2.7413357E+002,-6.1841871E-002,-1.4290602E+002,-2.9208378E-002, 3.0038379E+001, 0.0000000E+000, 1.1344922E+002, 1.0979919E+002, 0.0000000E+000, 1.0977357E-002, 0.0000000E+000, 1.1217953E+005
 2.9105291E+001, 4.8052587E+002, 0.0000000E+000,-2.6869431E+002,-6.2017362E-002,-1.4348934E+002,-2.9100744E-002, 2.5450359E+001, 0.0000000E+000, 9.3680138E+001, 9.3701461E+001, 0.0000000E+000, 1.0977357E-002, 0.0000000E+000, 1.1228987E+005
 2.9201038E+001, 4.9408273E+002, 0.0000000E+000,-2.7278464E+002,-6.2334688E-002,-1.4387650E+002,-2.8766824E-002, 2.7531521E+001, 0.0000000E+000, 1.0337037E+002, 1.0486201E+002, 0.0000000E+000, 1.0977357E-002, 0.0000000E+000, 1.1241122E+005
 2.9302105E+001, 5.0811537E+002, 0.0000000E+000,-2.7584815E+002,-6.3336028E-002,-1.4421773E+002,-2.7978720E-002, 3.1859693E+001, 0.0000000E+000, 1.1835494E+002, 1.1981787E+002, 0.0000000E+000, 1.0977357E-002, 0.0000000E+000, 1.1255921E+005
 2.9407427E+001, 5.1035841E+002, 0.0000000E+000,-2.7694690E+002,-6.3571323E-002,-1.4451834E+002,-2.7714335E-002, 3.4066088E+001, 0.0000000E+000, 1.2440809E+002, 1.2286797E+002, 0.0000000E+000, 1.0977357E-002, 0.0000000E+000, 1.1272638E+005
 2.9501047E+001, 4.7268865E+002, 0.0000000E+000,-2.7081231E+002,-6.2829917E-002,-1.4462722E+002,-2.8058921E-002, 2.4954224E+001, 0.0000000E+000, 8.8574702E+001, 8.2112460E+001, 0.0000000E+000, 1.0977357E-002, 0.0000000E+000, 1.1283853E+005
 2.9606369E+001, 4.5002898E+002, 0.0000000E+000,-2.6016766E+002,-6.2238963E-002,-1.4472538E+002,-2.8548031E-002, 1.8401580E+001, 0.0000000E+000, 6.2198349E+001, 6.3446738E+001, 0.0000000E+000, 1.0977357E-002, 0.0000000E+000, 1.1292810E+005
 2.9707010E+001, 4.6769397E+002, 0.0000000E+000,-2.6846442E+002,-6.1707646E-002,-1.4464304E+002,-2.9018418E-002, 1.9677755E+001, 0.0000000E+000, 7.3169105E+001, 7.4173544E+001, 0.0000000E+000, 1.0977357E-002, 0.0000000E+000, 1.1301966E+005
 2.9805929E+001, 4.9107513E+002, 0.0000000E+000,-2.7593024E+002,-6.1552939E-002,-1.4448161E+002,-2.9319198E-002, 2.4495543E+001, 0.0000000E+000, 9.1307705E+001, 9.5067957E+001, 0.0000000E+000, 1.0977357E-002, 0.0000000E+000, 1.1312958E+005
 2.9909601E+001, 5.3506496E+002, 0.0000000E+000,-2.8493338E+002,-6.1774531E-002,-1.4386431E+002,-2.9224978E-002, 3.6194752E+001, 0.0000000E+000, 1.3730684E+002, 1.4237101E+002, 0.0000000E+000, 1.0977357E-002, 0.0000000E+000, 1.1330015E+005
 3.0004293E+001, 5.7782360E+002, 0.0000000E+000,-2.9675618E+002,-6.1865731E-002,-1.4355969E+002,-2.9096641E-002, 4.7724841E+001, 0.0000000E+000, 1.8377680E+002, 1.8514160E+002, 0.0000000E+000, 1.0977357E-002, 0.0000000E+000, 1.1350861E+005
 3.0106192E+001, 5.6221446E+002, 0.0000000E+000,-2.9513471E+002,-6.1971857E-002,-1.4424488E+002,-2.9015550E-002, 4.5545252E+001, 0.0000000E+000, 1.7192037E+002, 1.6828914E+002, 0.0000000E+000, 1.0977357E-002, 0.0000000E+000, 1.1372607E+005
 3.0208092E+001, 5.0978050E+002, 0.0000000E+000,-2.8125990E+002,-6.2028780E-002,-1.4553060E+002,-2.8977557E-002, 3.2330209E+001, 0.0000000E+000, 1.2002744E+002, 1.1522920E+002, 0.0000000E+000, 1.0977357E-002, 0.0000000E+000, 1.1388237E+005
 3.0305359E+001, 4.8671128E+002, 0.0000000E+000,-2.7418923E+002,-6.1874922E-002,-1.4628988E+002,-2.9152931E-002, 2.4971658E+001, 0.0000000E+000, 9.1185519E+001, 9.1112800E+001, 0.0000000E+000, 1.0977357E-002, 0.0000000E+000, 1.1399540E+005
 3.0407003E+001, 4.9682555E+002, 0.0000000E+000,-2.7794410E+002,-6.1846972E-002,-1.4659561E+002,-2.9235515E-002, 2.6752616E+001, 0.0000000E+000, 9.8543618E+001, 9.8947373E+001, 0.0000000E+000, 1.0977357E-002, 0.0000000E+000, 1.1412128E+005
 3.0501024E+001, 4.7783514E+002, 0.0000000E+000,-2.7542209E+002,-6.1918386E-002,-1.4671224E+002,-2.9162016E-002, 2.2922254E+001, 0.0000000E+000, 8.2635432E+001, 7.8531981E+001, 0.0000000E+000, 1.0977357E-002, 0.0000000E+000, 1.1422363E+005
 3.0603104E+001, 4.7044915E+002, 0.0000000E+000,-2.7209533E+002,-6.1761448E-002,-1.4668556E+002,-2.9008300E-002, 2.0462055E+001, 0.0000000E+000, 7.0761609E+001, 7.2039548E+001, 0.0000000E+000, 1.0977357E-002, 0.0000000E+000, 1.1432006E+005
 3.0711334E+001, 4.8661478E+002, 0.0000000E+000,-2.7920382E+002,-6.1768293E-002,-1.4660720E+002,-2.9080226E-002, 2.2445204E+001, 0.0000000E+000, 8.1135039E+001, 8.3158120E+001, 0.0000000E+000, 1.0977357E-002, 0.0000000E+000, 1.1443154E+005
 3.0806036E+001, 4.9623097E+002, 0.0000000E+000,-2.8227425E+002,-6.1474216E-002,-1.4637521E+002,-2.9297121E-002, 2.5350288E+001, 0.0000000E+000, 9.1193080E+001, 9.2841022E+001, 0.0000000E+000, 1.0977357E-002, 0.0000000E+000, 1.1454148E+005
 3.0910189E+001, 5.2596947E+002, 0.0000000E+000,-2.8480771E+002,-6.2029235E-002,-1.4573338E+002,-2.9094108E-002, 3.4353745E+001, 0.0000000E+000, 1.2681175E+002, 1.2969100E+002, 0.0000000E+000, 1.0977357E-002, 0.0000000E+000, 1.1470559E+005
 3.1003220E+001, 5.2244459E+002, 0.0000000E+000,-2.8917563E+002,-6.2235337E-002,-1.4483945E+002,-2.8776407E-002, 3.2333639E+001, 0.0000000E+000, 1.2276797E+002, 1.2067213E+002, 0.0000000E+000, 1.0977357E-002, 0.0000000E+000, 1.1484658E+005
 3.1102453E+001, 5.0143696E+002, 0.0000000E+000,-2.8488655E+002,-6.2590976E-002,-1.4463269E+002,-2.8494490E-002, 2.6081290E+001, 0.0000000E+000, 9.9793354E+001, 9.7907918E+001, 0.0000000E+000, 1.0977357E-002, 0.0000000E+000, 1.1496815E+005
 3.1202513E+001, 4.7878802E+002, 0.0000000E+000,-2.8103216E+002,-6.2244587E-002,-1.4566923E+002,-2.8765025E-002, 1.9632656E+001, 0.0000000E+000, 7.5728021E+001, 7.1628281E+001, 0.0000000E+000, 1.0977357E-002, 0.0000000E+000, 1.1506204E+005
 3.1304453E+001, 4.6205993E+002, 0.0000000E+000,-2.7609126E+002,-6.2184516E-002,-1.4637241E+002,-2.8786021E-002, 1.4917750E+001, 0.0000000E+000, 5.3541576E+001, 5.4423035E+001, 0.0000000E+000, 1.0977357E-002, 0.0000000E+000, 1.1513206E+005
 3.1405554E+001, 4.8508462E+002, 0.0000000E+000,-2.8178164E+002,-6.2223440E-002,-1.4659041E+002,-2.8799969E-002, 2.0220532E+001, 0.0000000E+000, 7.3375842E+001, 7.6842078E+001, 0.0000000E+000, 1.0977357E-002, 0.0000000E+000, 1.1522479E+005
 3.1502258E+001, 5.0554546E+002, 0.0000000E+000,-2.8760148E+002,-6.2064449E-002,-1.4686592E+002,-2.8785036E-002, 2.5608295E+001, 0.0000000E+000, 9.6086756E+001, 9.6595508E+001, 0.0000000E+000, 1.0977357E-002, 0.0000000E+000, 1.1533921E+005
 3.1611052E+001, 5.0358355E+002, 0.0000000E+000,-2.8596087E+002,-6.1983179E-002,-1.4694608E+002,-2.8956638E-002, 2.6301181E+001, 0.0000000E+000, 9.6786331E+001, 9.6886839E+001, 0.0000000E+000, 1.0977357E-002, 0.0000000E+000, 1.1547191E+005
 3.1707758E+001, 5.1232795E+002, 0.0000000E+000,-2.8964967E+002,-6.2237286E-002,-1.4736976E+002,-2.8860732E-002, 2.7538393E+001, 0.0000000E+000, 1.0319115E+002, 1.0275582E+002, 0.0000000E+000, 1.0977357E-002, 0.0000000E+000, 1.1559558E+005
 3.1804462E+001, 4.8631134E+002, 0.0000000E+000,-2.8479735E+002,-6.2243483E-002,-1.4758333E+002,-2.8640345E-002, 2.0908440E+001, 0.0000000E+000, 7.7474934E+001, 7.4748215E+001, 0.0000000E+000, 1.0977357E-002, 0.0000000E+000, 1.1569145E+005
 3.1901169E+001, 4.9500035E+002, 0.0000000E+000,-2.8558855E+002,-6.2268655E-002,-1.4769935E+002,-2.8702027E-002, 2.1568598E+001, 0.0000000E+000, 8.0197737E+001, 8.3190079E+001, 0.0000000E+000, 1.0977357E-002, 0.0000000E+000, 1.1578649E+005
 3.2009960E+001, 5.1209466E+002, 0.0000000E+000,-2.9103769E+002,-6.2146506E-002,-1.4776297E+002,-2.8879668E-002, 2.6170132E+001, 0.0000000E+000, 9.9137672E+001, 9.9373099E+001, 0.0000000E+000, 1.0977357E-002, 0.0000000E+000, 1.1591830E+005
 3.2106667E+001, 5.0004726E+002, 0.0000000E+000,-2.8695132E+002,-6.2198459E-002,-1.4781985E+002,-2.8817575E-002, 2.4236937E+001, 0.0000000E+000, 9.1523670E+001, 8.9422010E+001, 0.0000000E+000, 1.0977357E-002, 0.0000000E+000, 1.1602840E+005
 3.2203373E+001, 4.8302120E+002, 0.0000000E+000,-2.8412857E+002,-6.1992337E-002,-1.4809647E+002,-2.8875896E-002, 1.9057265E+001, 0.0000000E+000, 7.0840143E+001, 6.9762556E+001, 0.0000000E+000, 1.0977357E-002, 0.0000000E+000, 1.1611486E+005
 3.2300076E+001, 4.8310017E+002, 0.0000000E+000,-2.8460812E+002,-6.2118462E-002,-1.4859763E+002,-2.8927444E-002, 1.7698425E+001, 0.0000000E+000, 6.7569956E+001, 6.7501799E+001, 0.0000000E+000, 1.0977357E-002, 0.0000000E+000, 1.1619423E+005
 3.2408871E+001, 4.9743436E+002, 0.0000000E+000,-2.8728451E+002,-6.2305129E-002,-1.4915471E+002,-2.8821981E-002, 2.1284617E+001, 0.0000000E+000, 8.0041810E+001, 8.2188630E+001, 0.0000000E+000, 1.0977357E-002, 0.0000000E+000, 1.1629996E+005
 3.2511242E+001, 5.0988505E+002, 0.0000000E+000,-2.9247132E+002,-6.2395137E-002,-1.4972205E+002,-2.8687344E-002, 2.4414401E+001, 0.0000000E+000, 9.3258800E+001, 9.2014991E+001, 0.0000000E+000, 1.0977357E-002, 0.0000000E+000, 1.1641655E+005
 3.2602657E+001, 4.9979003E+002, 0.0000000E+000,-2.9113099E+002,-6.2516243E-002,-1.5013334E+002,-2.8408389E-002, 2.1076812E+001, 0.0000000E+000, 7.9488683E+001, 7.9511585E+001, 0.0000000E+000, 1.0977357E-002, 0.0000000E+000, 1.1650579E+005
 3.2705502E+001, 5.0316011E+002, 0.0000000E+000,-2.9116002E+002,-6.2532847E-002,-1.5062318E+002,-2.8419058E-002, 2.2633456E+001, 0.0000000E+000, 8.4417128E+001, 8.3919403E+001, 0.0000000E+000, 1.0977357E-002, 0.0000000E+000, 1.1661398E+005
 3.2803776E+001, 4.8445016E+002, 0.0000000E+000,-2.8777563E+002,-6.1952507E-002,-1.5098883E+002,-2.9027651E-002, 1.7978414E+001, 0.0000000E+000, 6.6795693E+001, 6.3573144E+001, 0.0000000E+000, 1.0977357E-002, 0.0000000E+000, 1.1669817E+005
 3.2904335E+001, 4.7510949E+002, 0.0000000E+000,-2.8473697E+002,-6.1709158E-002,-1.5117524E+002,-2.9157472E-002, 1.4211229E+001, 0.0000000E+000, 5.1099844E+001, 5.3317643E+001, 0.0000000E+000, 1.0977357E-002, 0.0000000E+000, 1.1676327E+005
 3.3004894E+001, 5.0434045E+002, 0.0000000E+000,-2.9175431E+002,-6.1887694E-002,-1.5135509E+002,-2.9178580E-002, 2.0825702E+001, 0.0000000E+000, 7.9533063E+001, 8.1965681E+001, 0.0000000E+000, 1.0977357E-002, 0.0000000E+000, 1.1685898E+005
 3.3105453E+001, 5.1858489E+002, 0.0000000E+000,-2.9844831E+002,-6.2063736E-002,-1.5147254E+002,-2.8967563E-002, 2.3956556E+001, 0.0000000E+000, 9.2829810E+001, 9.2529569E+001, 0.0000000E+000, 1.0977357E-002, 0.0000000E+000, 1.1697063E+005
 3.3206013E+001, 5.1392436E+002, 0.0000000E+000,-2.9648185E+002,-6.2284903E-002,-1.5167957E+002,-2.8769631E-002, 2.4114151E+001, 0.0000000E+000, 9.0517119E+001, 8.9786037E+001, 0.0000000E+000, 1.0977357E-002, 0.0000000E+000, 1.1708327E+005
 3.3306572E+001, 5.1446645E+002, 0.0000000E+000,-2.9563127E+002,-6.2400380E-002,-1.5193603E+002,-2.8603297E-002, 2.3952255E+001, 0.0000000E+000, 9.1467428E+001, 9.0760405E+001, 0.0000000E+000, 1.0977357E-002, 0.0000000E+000, 1.1719536E+005
 3.3403057E+001, 4.9135653E+002, 0.0000000E+000,-2.9406158E+002,-6.2287209E-002,-1.5249364E+002,-2.8585822E-002, 1.7451933E+001, 0.0000000E+000, 6.5938705E+001, 6.2162364E+001, 0.0000000E+000, 1.0977357E-002, 0.0000000E+000, 1.1727561E+005
 3.3506210E+001, 4.9395896E+002, 0.0000000E+000,-2.8920083E+002,-6.2274405E-002,-1.5323894E+002,-2.8796048E-002, 1.8317256E+001, 0.0000000E+000, 6.6643838E+001, 6.9745365E+001, 0.0000000E+000, 1.0977357E-002, 0.0000000E+000, 1.1736133E+005
 3.3604881E+001, 5.1798884E+002, 0.0000000E+000,-2.9779622E+002,-6.1985832E-002,-1.5366922E+002,-2.8933064E-002, 2.4180913E+001, 0.0000000E+000, 9.0234422E+001, 9.0613396E+001, 0.0000000E+000, 1.0977357E-002, 0.0000000E+000, 1.1747166E+005
 3.3703548E+001, 5.1551248E+002, 0.0000000E+000,-2.9832418E+002,-6.1896806E-002,-1.5338156E+002,-2.9018197E-002, 2.3469051E+001, 0.0000000E+000, 8.6680609E+001, 8.7184870E+001, 0.0000000E+000, 1.0977357E-002, 0.0000000E+000, 1.1757871E+005
 3.3802219E+001, 5.2336385E+002, 0.0000000E+000,-2.9982134E+002,-6.2138764E-002,-1.5326479E+002,-2.9020317E-002, 2.5773487E+001, 0.0000000E+000, 9.5285182E+001, 9.5960055E+001, 0.0000000E+000, 1.0977357E-002, 0.0000000E+000, 1.1769613E+005
 3.3900494E+001, 5.2553924E+002, 0.0000000E+000,-3.0130974E+002,-6.2289770E-002,-1.5331019E+002,-2.8839151E-002, 2.6824935E+001, 0.0000000E+000, 9.8731660E+001, 9.7653116E+001, 0.0000000E+000, 1.0977357E-002, 0.0000000E+000, 1.1781902E+005
 3.4005318E+001, 4.9592232E+002, 0.0000000E+000,-2.9401363E+002,-6.1900180E-002,-1.5301395E+002,-2.8898949E-002, 2.0245911E+001, 0.0000000E+000, 7.2079298E+001, 6.9049854E+001, 0.0000000E+000, 1.0977357E-002, 0.0000000E+000, 1.1791968E+005
 3.4104248E+001, 4.8131731E+002, 0.0000000E+000,-2.9100704E+002,-6.1946320E-002,-1.5276897E+002,-2.9011993E-002, 1.4639761E+001, 0.0000000E+000, 5.3158568E+001, 5.2090100E+001, 0.0000000E+000, 1.0977357E-002, 0.0000000E+000, 1.1798789E+005
 3.4206978E+001, 4.7094882E+002, 0.0000000E+000,-2.9197731E+002,-6.2078049E-002,-1.5287735E+002,-2.8923619E-002, 1.0053492E+001, 0.0000000E+000, 3.6670922E+001, 3.6056649E+001, 0.0000000E+000, 1.0977357E-002, 0.0000000E+000, 1.1803627E+005
 3.4301151E+001, 4.8081158E+002, 0.0000000E+000,-2.9093525E+002,-6.1910868E-002,-1.5323276E+002,-2.9058266E-002, 1.3257597E+001, 0.0000000E+000, 4.7588340E+001, 4.9810207E+001, 0.0000000E+000, 1.0977357E-002, 0.0000000E+000, 1.1809303E+005
 3.4407093E+001, 4.9849101E+002, 0.0000000E+000,-2.9656996E+002,-6.2450725E-002,-1.5358358E+002,-2.8919743E-002, 1.7097246E+001, 0.0000000E+000, 6.5021176E+001, 6.5343339E+001, 0.0000000E+000, 1.0977357E-002, 0.0000000E+000, 1.1817688E+005
 3.4508324E+001, 5.0320375E+002, 0.0000000E+000,-2.9893698E+002,-6.2097061E-002,-1.5360133E+002,-2.9025689E-002, 1.7871380E+001, 0.0000000E+000, 6.5858532E+001, 6.8445702E+001, 0.0000000E+000, 1.0977357E-002, 0.0000000E+000, 1.1825914E+005
 3.4611912E+001, 5.2550850E+002, 0.0000000E+000,-3.0329721E+002,-6.2040795E-002,-1.5325811E+002,-2.8903831E-002, 2.4658897E+001, 0.0000000E+000, 9.1742574E+001, 9.3521131E+001, 0.0000000E+000, 1.0977357E-002, 0.0000000E+000, 1.1837632E+005
 3.4702549E+001, 5.1108821E+002, 0.0000000E+000,-2.9998608E+002,-6.2130362E-002,-1.5288714E+002,-2.8991043E-002, 2.2873856E+001, 0.0000000E+000, 8.3722934E+001, 8.0997719E+001, 0.0000000E+000, 1.0977357E-002, 0.0000000E+000, 1.1847410E+005
 3.4810265E+001, 5.0426662E+002, 0.0000000E+000,-2.9627516E+002,-6.1807537E-002,-1.5261511E+002,-2.9143398E-002, 2.0535391E+001, 0.0000000E+000, 7.4364629E+001, 7.5820798E+001, 0.0000000E+000, 1.0977357E-002, 0.0000000E+000, 1.1857613E+005
 3.4905331E+001, 5.1184973E+002, 0.0000000E+000,-3.0219436E+002,-6.2034624E-002,-1.5272472E+002,-2.9088125E-002, 2.1221930E+001, 0.0000000E+000, 8.0072910E+001, 7.8061458E+001, 0.0000000E+000, 1.0977357E-002, 0.0000000E+000, 1.1867082E+005
 3.5003750E+001, 4.9798303E+002, 0.0000000E+000,-2.9676916E+002,-6.2107863E-002,-1.5300112E+002,-2.8906276E-002, 1.8587634E+001, 0.0000000E+000, 6.7091718E+001, 6.6709364E+001, 0.0000000E+000, 1.0977357E-002, 0.0000000E+000, 1.1875613E+005
 3.5107090E+001, 4.8923933E+002, 0.0000000E+000,-2.9690495E+002,-6.2092944E-002,-1.5324256E+002,-2.8816874E-002, 1.4957177E+001, 0.0000000E+000, 5.5117483E+001, 5.3958084E+001, 0.0000000E+000, 1.0977357E-002, 0.0000000E+000, 1.1882893E+005
 3.5200665E+001, 4.8899465E+002, 0.0000000E+000,-2.9806367E+002,-6.2055527E-002,-1.5281773E+002,-2.8933829E-002, 1.4101923E+001, 0.0000000E+000, 5.1834980E+001, 5.2124183E+001, 0.0000000E+000, 1.0977357E-002, 0.0000000E+000, 1.1888999E+005
 3.5309444E+001, 4.9620770E+002, 0.0000000E+000,-2.9713642E+002,-6.1933773E-002,-1.5212077E+002,-2.9046864E-002, 1.6977811E+001, 0.0000000E+000, 6.1485034E+001, 6.3837351E+001, 0.0000000E+000, 1.0977357E-002, 0.0000000E+000, 1.1897432E+005
 3.5409695E+001, 5.1161452E+002, 0.0000000E+000,-3.0278937E+002,-6.2137106E-002,-1.5198382E+002,-2.8872052E-002, 1.9301587E+001, 0.0000000E+000, 7.5278329E+001, 7.6051913E+001, 0.0000000E+000, 1.0977357E-002, 0.0000000E+000, 1.1906389E+005
 3.5509987E+001, 5.1788699E+002, 0.0000000E+000,-3.0543443E+002,-6.1866364E-002,-1.5248788E+002,-2.9057881E-002, 2.1172496E+001, 0.0000000E+000, 7.9425175E+001, 8.1046259E+001, 0.0000000E+000, 1.0977357E-002, 0.0000000E+000, 1.1916116E+005
 3.5603283E+001, 5.2424885E+002, 0.0000000E+000,-3.0408763E+002,-6.1807484E-002,-1.5239434E+002,-2.9289561E-002, 2.5098437E+001, 0.0000000E+000, 9.2814386E+001, 9.2774219E+001, 0.0000000E+000, 1.0977357E-002, 0.0000000E+000, 1.1926986E+005
 3.5703289E+001, 5.1580450E+002, 0.0000000E+000,-3.0307664E+002,-6.1783758E-002,-1.5163649E+002,-2.9068910E-002, 2.3304816E+001, 0.0000000E+000, 8.5584820E+001, 8.4305338E+001, 0.0000000E+000, 1.0977357E-002, 0.0000000E+000, 1.1937877E+005
 3.5809280E+001, 5.0663019E+002, 0.0000000E+000,-2.9952945E+002,-6.2152535E-002,-1.5108500E+002,-2.8861011E-002, 2.1776170E+001, 0.0000000E+000, 7.7726007E+001, 7.7700889E+001, 0.0000000E+000, 1.0977357E-002, 0.0000000E+000, 1.1948614E+005
 3.5908085E+001, 4.9693880E+002, 0.0000000E+000,-2.9757785E+002,-6.2435859E-002,-1.5148441E+002,-2.8716332E-002, 1.9163638E+001, 0.0000000E+000, 6.9764276E+001, 6.6949024E+001, 0.0000000E+000, 1.0977357E-002, 0.0000000E+000, 1.1957576E+005
 3.6006889E+001, 4.7251911E+002, 0.0000000E+000,-2.9321153E+002,-6.2120836E-002,-1.5197110E+002,-2.8866188E-002, 1.1481274E+001, 0.0000000E+000, 4.0582361E+001, 3.8726763E+001, 0.0000000E+000, 1.0977357E-002, 0.0000000E+000, 1.1962979E+005
 3.6105698E+001, 4.6592473E+002, 0.0000000E+000,-2.9285106E+002,-6.1937885E-002,-1.5223620E+002,-2.8968772E-002, 8.5127756E+000, 0.0000000E+000, 2.9569089E+001, 2.9259339E+001, 0.0000000E+000, 1.0977357E-002, 0.0000000E+000, 1.1966926E+005
 3.6208206E+001, 4.8591074E+002, 0.0000000E+000,-3.0049069E+002,-6.1922590E-002,-1.5233508E+002,-2.8954475E-002, 1.1233459E+001, 0.0000000E+000, 4.1319862E+001, 4.4227552E+001, 0.0000000E+000, 1.0977357E-002, 0.0000000E+000, 1.1972103E+005
 3.6303307E+001, 5.0900948E+002, 0.0000000E+000,-3.0825125E+002,-6.1833625E-002,-1.5226771E+002,-2.9100724E-002, 1.6035138E+001, 0.0000000E+000, 6.1851734E+001, 6.4434718E+001, 0.0000000E+000, 1.0977357E-002, 0.0000000E+000, 1.1979031E+005
 3.6401882E+001, 5.2544295E+002, 0.0000000E+000,-3.1417391E+002,-6.2157275E-002,-1.5200785E+002,-2.8984891E-002, 1.9972474E+001, 0.0000000E+000, 7.9221447E+001, 7.9142514E+001, 0.0000000E+000, 1.0977357E-002, 0.0000000E+000, 1.1988143E+005
 3.6508984E+001, 5.1069345E+002, 0.0000000E+000,-3.1023969E+002,-6.2504778E-002,-1.5156987E+002,-2.8667865E-002, 1.8371904E+001, 0.0000000E+000, 6.9203552E+001, 6.7164621E+001, 0.0000000E+000, 1.0977357E-002, 0.0000000E+000, 1.1997387E+005
 3.6604187E+001, 4.8364226E+002, 0.0000000E+000,-2.9999164E+002,-6.2432386E-002,-1.5148629E+002,-2.8571361E-002, 1.2540515E+001, 0.0000000E+000, 4.6429259E+001, 4.4613846E+001, 0.0000000E+000, 1.0977357E-002, 0.0000000E+000, 1.2003077E+005
 3.6709911E+001, 4.6918297E+002, 0.0000000E+000,-2.9695480E+002,-6.2371320E-002,-1.5186562E+002,-2.8688063E-002, 7.4697061E+000, 0.0000000E+000, 2.9012843E+001, 2.7741187E+001, 0.0000000E+000, 1.0977357E-002, 0.0000000E+000, 1.2006842E+005
 3.6812065E+001, 4.6825704E+002, 0.0000000E+000,-2.9692615E+002,-6.2075093E-002,-1.5262808E+002,-2.8916835E-002, 6.1027708E+000, 0.0000000E+000, 2.3129550E+001, 2.4714595E+001, 0.0000000E+000, 1.0977357E-002, 0.0000000E+000, 1.2009652E+005
 3.6901173E+001, 4.8713368E+002, 0.0000000E+000,-3.0274721E+002,-6.2061391E-002,-1.5317508E+002,-2.8899023E-002, 1.0097109E+001, 0.0000000E+000, 4.0617701E+001, 4.1217537E+001, 0.0000000E+000, 1.0977357E-002, 0.0000000E+000, 1.2013790E+005
 3.7009373E+001, 4.9661118E+002, 0.0000000E+000,-3.0763429E+002,-6.1895747E-002,-1.5358734E+002,-2.8881273E-002, 1.2116709E+001, 0.0000000E+000, 4.6778734E+001, 4.7415479E+001, 0.0000000E+000, 1.0977357E-002, 0.0000000E+000, 1.2019801E+005
 3.7108212E+001, 5.0443845E+002, 0.0000000E+000,-3.0605075E+002,-6.2036756E-002,-1.5382802E+002,-2.8982917E-002, 1.4961851E+001, 0.0000000E+000, 5.7223943E+001, 5.9430505E+001, 0.0000000E+000, 1.0977357E-002, 0.0000000E+000, 1.2026542E+005
 3.7207050E+001, 5.2027106E+002, 0.0000000E+000,-3.1182641E+002,-6.1960688E-002,-1.5419292E+002,-2.9085065E-002, 1.8229362E+001, 0.0000000E+000, 7.1820992E+001, 7.2390048E+001, 0.0000000E+000, 1.0977357E-002, 0.0000000E+000, 1.2034862E+005
 3.7305885E+001, 5.1516171E+002, 0.0000000E+000,-3.1125829E+002,-6.2109762E-002,-1.5447256E+002,-2.9032049E-002, 1.7699727E+001, 0.0000000E+000, 6.8067208E+001, 6.7039443E+001, 0.0000000E+000, 1.0977357E-002, 0.0000000E+000, 1.2043005E+005
 3.7407726E+001, 5.0884984E+002, 0.0000000E+000,-3.0621299E+002,-6.1904545E-002,-1.5463713E+002,-2.9088808E-002, 1.7557333E+001, 0.0000000E+000, 6.6192831E+001, 6.5466061E+001, 0.0000000E+000, 1.0977357E-002, 0.0000000E+000, 1.2051351E+005
 3.7506893E+001, 4.9781932E+002, 0.0000000E+000,-3.0559612E+002,-6.1998395E-002,-1.5516842E+002,-2.8905867E-002, 1.4330908E+001, 0.0000000E+000, 5.1788250E+001, 5.1294788E+001, 0.0000000E+000, 1.0977357E-002, 0.0000000E+000, 1.2057967E+005
 3.7606060E+001, 4.9083105E+002, 0.0000000E+000,-3.0251047E+002,-6.2260542E-002,-1.5563714E+002,-2.8682460E-002, 1.3253448E+001, 0.0000000E+000, 4.5824799E+001, 4.5845946E+001, 0.0000000E+000, 1.0977357E-002, 0.0000000E+000, 1.2064095E+005
 3.7701923E+001, 5.0797417E+002, 0.0000000E+000,-3.0489019E+002,-6.2543743E-002,-1.5588495E+002,-2.8305924E-002, 1.7296571E+001, 0.0000000E+000, 6.0794672E+001, 6.4404756E+001, 0.0000000E+000, 1.0977357E-002, 0.0000000E+000, 1.2071578E+005
 3.7811008E+001, 5.2833549E+002, 0.0000000E+000,-3.1054732E+002,-6.2291320E-002,-1.5587649E+002,-2.8671902E-002, 2.2668218E+001, 0.0000000E+000, 8.4175234E+001, 8.4488943E+001, 0.0000000E+000, 1.0977357E-002, 0.0000000E+000, 1.2083042E+005
 3.7907970E+001, 5.0360964E+002, 0.0000000E+000,-3.0713260E+002,-6.2203768E-002,-1.5583303E+002,-2.8796118E-002, 1.7088368E+001, 0.0000000E+000, 6.0872132E+001, 5.7641377E+001, 0.0000000E+000, 1.0977357E-002, 0.0000000E+000, 1.2090930E+005
 3.8004936E+001, 4.8565903E+002, 0.0000000E+000,-3.0159674E+002,-6.2223771E-002,-1.5521335E+002,-2.8783937E-002, 1.2702958E+001, 0.0000000E+000, 4.3399279E+001, 4.1460885E+001, 0.0000000E+000, 1.0977357E-002, 0.0000000E+000, 1.2096778E+005
 3.8101898E+001, 4.8252751E+002, 0.0000000E+000,-3.0413086E+002,-6.2187510E-002,-1.5493781E+002,-2.8873270E-002, 8.4763522E+000, 0.0000000E+000, 3.1622861E+001, 3.1844133E+001, 0.0000000E+000, 1.0977357E-002, 0.0000000E+000, 1.2100614E+005
 3.8210983E+001, 4.9110920E+002, 0.0000000E+000,-3.0814582E+002,-6.2233833E-002,-1.5514907E+002,-2.8963653E-002, 9.5897053E+000, 0.0000000E+000, 3.5982204E+001, 3.7312812E+001, 0.0000000E+000, 1.0977357E-002, 0.0000000E+000, 1.2105392E+005
 3.8307945E+001, 5.0728700E+002, 0.0000000E+000,-3.1209388E+002,-6.2038165E-002,-1.5544311E+002,-2.9030838E-002, 1.3754482E+001, 0.0000000E+000, 5.1962212E+001, 5.3413430E+001, 0.0000000E+000, 1.0977357E-002, 0.0000000E+000, 1.2111485E+005
 3.8404911E+001, 5.0851908E+002, 0.0000000E+000,-3.1469561E+002,-6.1896424E-002,-1.5556338E+002,-2.8931854E-002, 1.4090036E+001, 0.0000000E+000, 5.3637841E+001, 5.2259301E+001, 0.0000000E+000, 1.0977357E-002, 0.0000000E+000, 1.2117898E+005
 3.8501873E+001, 5.0248539E+002, 0.0000000E+000,-3.1135602E+002,-6.1995040E-002,-1.5559851E+002,-2.8873016E-002, 1.3011791E+001, 0.0000000E+000, 4.8027018E+001, 4.8451787E+001, 0.0000000E+000, 1.0977357E-002, 0.0000000E+000, 1.2123731E+005
 3.8604900E+001, 4.9940757E+002, 0.0000000E+000,-3.1112891E+002,-6.1738016E-002,-1.5538775E+002,-2.9068144E-002, 1.2044557E+001, 0.0000000E+000, 4.3984981E+001, 4.4844659E+001, 0.0000000E+000, 1.0977357E-002, 0.0000000E+000, 1.2129435E+005
 3.8711559E+001, 5.1203329E+002, 0.0000000E+000,-3.1237144E+002,-6.2257387E-002,-1.5523113E+002,-2.8836262E-002, 1.6000998E+001, 0.0000000E+000, 5.9671735E+001, 6.0340618E+001, 0.0000000E+000, 1.0977357E-002, 0.0000000E+000, 1.2137274E+005
 3.8803143E+001, 5.1346082E+002, 0.0000000E+000,-3.0957089E+002,-6.2282750E-002,-1.5514317E+002,-2.8707529E-002, 1.8764234E+001, 0.0000000E+000, 6.7212480E+001, 6.7419997E+001, 0.0000000E+000, 1.0977357E-002, 0.0000000E+000, 1.2145208E+005
 3.8907421E+001, 4.9034176E+002, 0.0000000E+000,-3.0574385E+002,-6.2245601E-002,-1.5502015E+002,-2.8704168E-002, 1.3119626E+001, 0.0000000E+000, 4.6295123E+001, 4.2606430E+001, 0.0000000E+000, 1.0977357E-002, 0.0000000E+000, 1.2151822E+005
 3.9000118E+001, 4.6223774E+002, 0.0000000E+000,-3.0007889E+002,-6.2288491E-002,-1.5489402E+002,-2.8690405E-002, 4.8106555E+000, 0.0000000E+000, 1.4480131E+001, 1.1984503E+001, 0.0000000E+000, 1.0977357E-002, 0.0000000E+000, 1.2154062E+005
 3.9104401E+001, 4.5264941E+002, 0.0000000E+000,-2.9834684E+002,-6.2448898E-002,-1.5478509E+002,-2.8609156E-002, 5.6809434E-001, 0.0000000E+000,-1.5986722E-001,-5.4829449E-003, 0.0000000E+000, 1.0977357E-002, 0.0000000E+000, 1.2154349E+005
 3.9208679E+001, 4.7240677E+002, 0.0000000E+000,-3.0553705E+002,-6.2563496E-002,-1.5483267E+002,-2.8531016E-002, 3.8766491E+000, 0.0000000E+000, 1.4539735E+001, 1.5822592E+001, 0.0000000E+000, 1.0977357E-002, 0.0000000E+000, 1.2156114E+005
 3.9301376E+001, 4.8246618E+002, 0.0000000E+000,-3.1017709E+002,-6.2488993E-002,-1.5502639E+002,-2.8495307E-002, 5.9714150E+000, 0.0000000E+000, 2.3111464E+001, 2.3143128E+001, 0.0000000E+000, 1.0977357E-002, 0.0000000E+000, 1.2158670E+005
 3.9405655E+001, 5.0077105E+002, 0.0000000E+000,-3.1325077E+002,-6.2422197E-002,-1.5530930E+002,-2.8512797E-002, 1.0492433E+001, 0.0000000E+000, 3.9520306E+001, 4.2612481E+001, 0.0000000E+000, 1.0977357E-002, 0.0000000E+000, 1.2163535E+005
 3.9505302E+001, 5.0582951E+002, 0.0000000E+000,-3.1492919E+002,-6.2105913E-002,-1.5530423E+002,-2.8698465E-002, 1.3010457E+001, 0.0000000E+000, 4.9001072E+001, 4.8515753E+001, 0.0000000E+000, 1.0977357E-002, 0.0000000E+000, 1.2169559E+005
 3.9600895E+001, 5.0337199E+002, 0.0000000E+000,-3.1145749E+002,-6.1925296E-002,-1.5520813E+002,-2.8942105E-002, 1.3112585E+001, 0.0000000E+000, 4.9975256E+001, 4.9728091E+001, 0.0000000E+000, 1.0977357E-002, 0.0000000E+000, 1.2175408E+005
 3.9703140E+001, 5.1044542E+002, 0.0000000E+000,-3.1333242E+002,-6.2063866E-002,-1.5537145E+002,-2.8978053E-002, 1.4148772E+001, 0.0000000E+000, 5.4674507E+001, 5.5799288E+001, 0.0000000E+000, 1.0977357E-002, 0.0000000E+000, 1.2182053E+005
 3.9802082E+001, 5.2748210E+002, 0.0000000E+000,-3.1642355E+002,-6.2237223E-002,-1.5584544E+002,-2.8841728E-002, 1.8225727E+001, 0.0000000E+000, 6.9969170E+001, 7.3347765E+001, 0.0000000E+000, 1.0977357E-002, 0.0000000E+000, 1.2190215E+005
 3.9909611E+001, 5.4515054E+002, 0.0000000E+000,-3.2249192E+002,-6.2100092E-002,-1.5617137E+002,-2.8979125E-002, 2.2950403E+001, 0.0000000E+000, 8.9602599E+001, 8.9346576E+001, 0.0000000E+000, 1.0977357E-002, 0.0000000E+000, 1.2201675E+005
 4.0000000E+001, 5.2654473E+002, 0.0000000E+000,-3.1907355E+002,-6.2349816E-002,-1.5609731E+002,-2.8726048E-002, 1.9016216E+001, 0.0000000E+000, 7.2130475E+001, 7.0299016E+001, 0.0000000E+000, 1.0977357E-002, 0.0000000E+000, 1.2209756E+005
