s,kW,kW,kW,kW,kW,kW,kW,kW,kW,kW,kg/s,kg/s,kg/s
Time,HRR,HRR_OX,Q_RADI,Q_CONV,Q_COND,Q_DIFF,Q_PRES,Q_PART,Q_ENTH,Q_TOTAL,MLR_AIR,MLR_PROPANE,MLR_PRODUCTS
 0.0000000E+000, 0.0000000E+000, 0.0000000E+000,-5.6538468E-005, 0.0000000E+000, 0.0000000E+000, 0.0000000E+000, 0.0000000E+000, 0.0000000E+000, 0.0000000E+000,-5.6538468E-005, 0.0000000E+000, 0.0000000E+000, 0.0000000E+000
 1.1559517E-001, 0.0000000E+000, 0.0000000E+000,-9.4168033E-007,-4.2620927E-003, 0.0000000E+000,-1.3885419E-003, 0.0000000E+000, 0.0000000E+000, 0.0000000E+000,-5.6515763E-003, 0.0000000E+000, 1.1357879E-003, 0.0000000E+000
 2.3119034E-001, 4.0117730E+001, 0.0000000E+000,-9.3712710E-007, 6.7562170E-001,-3.0788142E-010,-1.8545542E-003, 0.0000000E+000, 0.0000000E+000,-8.2202455E-003, 4.0791496E+001, 0.0000000E+000, 2.1601127E-003, 0.0000000E+000
 3.4678552E-001, 8.1480308E+001, 0.0000000E+000,-8.1940212E-001, 1.3393858E+000,-4.9543419E-002,-6.6787310E-003, 0.0000000E+000, 0.0000000E+000, 4.0389905E+001, 8.1944069E+001, 0.0000000E+000, 3.0013559E-003, 0.0000000E+000
 4.6238068E-001, 1.1877023E+002, 0.0000000E+000,-1.6218895E+001, 1.6184189E+000,-1.8094224E-001,-7.4570398E-003, 0.0000000E+000, 0.0000000E+000, 7.9488141E+001, 1.0398135E+002, 0.0000000E+000, 3.6407106E-003, 0.0000000E+000
 5.5696142E-001, 1.5227907E+002, 0.0000000E+000,-9.8123031E+001, 8.5464095E-001,-3.0893038E-001,-9.3368791E-003, 0.0000000E+000, 0.0000000E+000, 1.0150436E+002, 5.4692410E+001, 0.0000000E+000, 4.0272233E-003, 0.0000000E+000
 6.1874598E-001, 1.7190534E+002, 0.0000000E+000,-8.8746819E+001, 1.2843793E+000,-2.6616749E-001,-1.0209818E-002, 0.0000000E+000, 0.0000000E+000, 5.3907916E+001, 8.4166523E+001, 0.0000000E+000, 4.2236938E-003, 0.0000000E+000
 7.3131651E-001, 1.4784910E+002, 0.0000000E+000,-9.6511127E+001, 8.7323646E-001,-2.6292354E-001,-1.1335052E-002, 0.0000000E+000, 0.0000000E+000, 6.0048994E+001, 5.1936951E+001, 0.0000000E+000, 4.4305770E-003, 0.0000000E+000
 8.3300328E-001, 1.4845157E+002, 0.0000000E+000,-5.4279082E+001, 1.5183609E+000,-2.2400226E-001,-1.2297342E-002, 0.0000000E+000, 0.0000000E+000, 7.2862013E+001, 9.5454545E+001, 0.0000000E+000, 4.6186535E-003, 0.0000000E+000
 9.0767503E-001, 2.2290860E+002, 0.0000000E+000,-9.2767592E+001, 2.1047720E+000,-2.2473843E-001,-1.2836124E-002, 0.0000000E+000, 0.0000000E+000, 1.1946075E+002, 1.3200821E+002, 0.0000000E+000, 4.7216950E-003, 0.0000000E+000
 1.0213608E+000, 2.5752604E+002, 0.0000000E+000,-1.1431974E+002, 2.3757876E+000,-2.2174594E-001,-1.3176768E-002, 0.0000000E+000, 0.0000000E+000, 1.4170847E+002, 1.4534717E+002, 0.0000000E+000, 4.8031866E-003, 0.0000000E+000
 1.1087484E+000, 2.6362891E+002, 0.0000000E+000,-1.0500862E+002, 2.6956661E+000,-1.9264919E-001,-1.3344261E-002, 0.0000000E+000, 0.0000000E+000, 1.5751761E+002, 1.6110997E+002, 0.0000000E+000, 4.8661248E-003, 0.0000000E+000
 1.2029855E+000, 2.5144226E+002, 0.0000000E+000,-7.9497442E+001, 2.9015631E+000,-1.8079066E-001,-1.3032573E-002, 0.0000000E+000, 0.0000000E+000, 1.7327516E+002, 1.7465256E+002, 0.0000000E+000, 4.9052498E-003, 0.0000000E+000
 1.3055489E+000, 2.3313995E+002, 0.0000000E+000,-7.6513982E+001, 2.6057404E+000,-2.1621618E-001,-1.2928906E-002, 0.0000000E+000, 0.0000000E+000, 1.6184891E+002, 1.5900256E+002, 0.0000000E+000, 4.9356534E-003, 0.0000000E+000
 1.4110427E+000, 2.2043072E+002, 0.0000000E+000,-7.4621348E+001, 2.4085385E+000,-2.2102296E-001,-1.3053679E-002, 0.0000000E+000, 0.0000000E+000, 1.4855056E+002, 1.4798383E+002, 0.0000000E+000, 4.9574781E-003, 0.0000000E+000
 1.5010660E+000, 2.2755001E+002, 0.0000000E+000,-7.9611700E+001, 2.4089351E+000,-2.1455978E-001,-1.2802548E-002, 0.0000000E+000, 0.0000000E+000, 1.5035646E+002, 1.5011988E+002, 0.0000000E+000, 4.9712671E-003, 0.0000000E+000
 1.6004133E+000, 2.1942347E+002, 0.0000000E+000,-7.8021755E+001, 2.2832936E+000,-2.3215548E-001,-1.2694443E-002, 0.0000000E+000, 0.0000000E+000, 1.4387827E+002, 1.4344016E+002, 0.0000000E+000, 4.9801776E-003, 0.0000000E+000
 1.7065990E+000, 2.2495452E+002, 0.0000000E+000,-7.3216627E+001,-6.0235910E+000,-2.4768406E-001,-1.2952437E-002, 0.0000000E+000, 0.0000000E+000, 1.4622605E+002, 1.4545366E+002, 0.0000000E+000, 4.9867892E-003, 0.0000000E+000
 1.8002470E+000, 2.3311699E+002, 0.0000000E+000,-6.8361906E+001,-1.3074665E+002,-2.5723392E-001,-1.3219731E-002, 0.0000000E+000, 0.0000000E+000, 3.9950051E+001, 3.3737977E+001, 0.0000000E+000, 4.9911702E-003, 0.0000000E+000
 1.9007471E+000, 2.3582011E+002, 0.0000000E+000,-6.5269654E+001,-1.8205431E+002,-2.6074663E-001,-1.3346240E-002, 0.0000000E+000, 0.0000000E+000,-1.2191301E+001,-1.1777943E+001, 0.0000000E+000, 4.9940151E-003, 0.0000000E+000
 2.0012472E+000, 2.3940797E+002, 0.0000000E+000,-6.8496612E+001,-1.6105050E+002,-3.0407826E-001,-1.3386243E-002, 0.0000000E+000, 0.0000000E+000, 8.9054762E+000, 9.5433914E+000, 0.0000000E+000, 4.9959954E-003, 0.0000000E+000
 2.1050181E+000, 2.3126971E+002, 0.0000000E+000,-6.7856641E+001,-1.7422300E+002,-3.0993762E-001,-1.3392837E-002, 0.0000000E+000, 0.0000000E+000,-8.3742258E+000,-1.1133262E+001, 0.0000000E+000, 4.9973318E-003, 0.0000000E+000
 2.2061341E+000, 2.2673285E+002, 0.0000000E+000,-6.5589259E+001,-1.8842963E+002,-3.0906404E-001,-1.3405360E-002, 0.0000000E+000, 0.0000000E+000,-2.6508898E+001,-2.7608512E+001, 0.0000000E+000, 4.9982280E-003, 0.0000000E+000
 2.3072500E+000, 2.2869886E+002, 0.0000000E+000,-6.4680467E+001,-2.1031518E+002,-2.9331342E-001,-1.3422280E-002, 0.0000000E+000, 0.0000000E+000,-4.6790234E+001,-4.6603520E+001, 0.0000000E+000, 4.9988174E-003, 0.0000000E+000
 2.4019392E+000, 2.3077816E+002, 0.0000000E+000,-6.4403259E+001,-2.0955304E+002,-3.0921716E-001,-1.3426556E-002, 0.0000000E+000, 0.0000000E+000,-4.3312625E+001,-4.3500789E+001, 0.0000000E+000, 4.9992003E-003, 0.0000000E+000
 2.5014367E+000, 2.3039969E+002, 0.0000000E+000,-6.2920213E+001,-2.0543680E+002,-3.3120410E-001,-1.3389536E-002, 0.0000000E+000, 0.0000000E+000,-3.8840546E+001,-3.8301923E+001, 0.0000000E+000, 4.9994566E-003, 0.0000000E+000
 2.6009340E+000, 2.2889524E+002, 0.0000000E+000,-6.1481402E+001,-2.0744713E+002,-4.0804264E-001,-1.3299041E-002, 0.0000000E+000, 0.0000000E+000,-3.9456670E+001,-4.0454634E+001, 0.0000000E+000, 4.9996350E-003, 0.0000000E+000
 2.7004313E+000, 2.2680282E+002, 0.0000000E+000,-6.0556819E+001,-2.0544526E+002,-4.9803770E-001,-1.3217578E-002, 0.0000000E+000, 0.0000000E+000,-3.9859154E+001,-3.9710514E+001, 0.0000000E+000, 4.9997548E-003, 0.0000000E+000
 2.8098786E+000, 2.2487647E+002, 0.0000000E+000,-5.8657464E+001,-2.0062593E+002,-5.2953728E-001,-1.3152138E-002, 0.0000000E+000, 0.0000000E+000,-3.5029732E+001,-3.4949607E+001, 0.0000000E+000, 4.9998383E-003, 0.0000000E+000
 2.9083810E+000, 2.2331719E+002, 0.0000000E+000,-5.6898319E+001,-1.9448562E+002,-5.9490273E-001,-1.3095844E-002, 0.0000000E+000, 0.0000000E+000,-2.8996560E+001,-2.8674750E+001, 0.0000000E+000, 4.9998937E-003, 0.0000000E+000
 3.0068834E+000, 2.2384175E+002, 0.0000000E+000,-5.6713122E+001,-1.8395305E+002,-6.6306405E-001,-1.3088193E-002, 0.0000000E+000, 0.0000000E+000,-1.7628906E+001,-1.7500570E+001, 0.0000000E+000, 4.9999283E-003, 0.0000000E+000
 3.1053858E+000, 2.2535389E+002, 0.0000000E+000,-5.6556645E+001,-1.7569016E+002,-6.8688201E-001,-1.3042883E-002, 0.0000000E+000, 0.0000000E+000,-7.7908527E+000,-7.5928320E+000, 0.0000000E+000, 4.9999517E-003, 0.0000000E+000
 3.2038882E+000, 2.2872802E+002, 0.0000000E+000,-5.7635558E+001,-1.6481632E+002,-6.7470404E-001,-1.3002480E-002, 0.0000000E+000, 0.0000000E+000, 5.4622142E+000, 5.5884358E+000, 0.0000000E+000, 4.9999674E-003, 0.0000000E+000
 3.3023906E+000, 2.3113323E+002, 0.0000000E+000,-5.8220735E+001,-1.8410932E+002,-6.1117326E-001,-1.3028874E-002, 0.0000000E+000, 0.0000000E+000,-1.1620543E+001,-1.1821028E+001, 0.0000000E+000, 4.9999780E-003, 0.0000000E+000
 3.4008930E+000, 2.2966221E+002, 0.0000000E+000,-5.6427595E+001,-1.6211832E+002,-5.6426686E-001,-1.3074100E-002, 0.0000000E+000, 0.0000000E+000, 9.8464582E+000, 1.0538948E+001, 0.0000000E+000, 4.9999852E-003, 0.0000000E+000
 3.5103402E+000, 2.2757883E+002, 0.0000000E+000,-5.6151600E+001,-1.5651189E+002,-5.2155170E-001,-1.3069425E-002, 0.0000000E+000, 0.0000000E+000, 1.4293824E+001, 1.4380722E+001, 0.0000000E+000, 4.9999902E-003, 0.0000000E+000
 3.6088426E+000, 2.2722113E+002, 0.0000000E+000,-5.7065632E+001,-1.5039699E+002,-4.7356956E-001,-1.3109944E-002, 0.0000000E+000, 0.0000000E+000, 2.0227750E+001, 1.9271821E+001, 0.0000000E+000, 4.9999935E-003, 0.0000000E+000
 3.7073450E+000, 2.2513093E+002, 0.0000000E+000,-5.5568098E+001,-1.5678518E+002,-4.2831819E-001,-1.3114791E-002, 0.0000000E+000, 0.0000000E+000, 1.1991812E+001, 1.2336215E+001, 0.0000000E+000, 4.9999956E-003, 0.0000000E+000
 3.8058474E+000, 2.2918905E+002, 0.0000000E+000,-5.5528996E+001,-1.5349816E+002,-4.4202049E-001,-1.3075248E-002, 0.0000000E+000, 0.0000000E+000, 1.9317858E+001, 1.9706797E+001, 0.0000000E+000, 4.9999971E-003, 0.0000000E+000
 3.9043498E+000, 2.2937941E+002, 0.0000000E+000,-5.8305490E+001,-1.5479386E+002,-4.1219373E-001,-1.2903944E-002, 0.0000000E+000, 0.0000000E+000, 1.6671937E+001, 1.5854963E+001, 0.0000000E+000, 4.9999980E-003, 0.0000000E+000
 4.0028524E+000, 2.2511300E+002, 0.0000000E+000,-5.7282821E+001,-1.6002149E+002,-4.9710819E-001,-1.2962244E-002, 0.0000000E+000, 0.0000000E+000, 7.7352916E+000, 7.2986206E+000, 0.0000000E+000, 4.9999987E-003, 0.0000000E+000
 4.1013546E+000, 2.2909838E+002, 0.0000000E+000,-5.8605135E+001,-1.6151784E+002,-4.3210831E-001,-1.3116316E-002, 0.0000000E+000, 0.0000000E+000, 8.9766578E+000, 8.5301795E+000, 0.0000000E+000, 4.9999991E-003, 0.0000000E+000
 4.2108016E+000, 2.3661236E+002, 0.0000000E+000,-6.0040465E+001,-1.7811209E+002,-4.3715472E-001,-1.3131096E-002, 0.0000000E+000, 0.0000000E+000,-2.4769485E+000,-1.9904782E+000, 0.0000000E+000, 4.9999994E-003, 0.0000000E+000
 4.3093042E+000, 2.3267180E+002, 0.0000000E+000,-5.9155682E+001,-1.6219389E+002,-4.5277830E-001,-1.2918944E-002, 0.0000000E+000, 0.0000000E+000, 1.0487952E+001, 1.0856526E+001, 0.0000000E+000, 4.9999996E-003, 0.0000000E+000
 4.4078064E+000, 2.1989491E+002, 0.0000000E+000,-5.4697333E+001,-1.4312356E+002,-4.5256700E-001,-1.2930642E-002, 0.0000000E+000, 0.0000000E+000, 2.2649079E+001, 2.1608515E+001, 0.0000000E+000, 4.9999997E-003, 0.0000000E+000
 4.5063090E+000, 2.1586234E+002, 0.0000000E+000,-5.4265356E+001,-1.7147616E+002,-5.0808823E-001,-1.3050676E-002, 0.0000000E+000, 0.0000000E+000,-9.1432558E+000,-1.0400313E+001, 0.0000000E+000, 4.9999998E-003, 0.0000000E+000
 4.6059060E+000, 2.2478531E+002, 0.0000000E+000,-5.5023156E+001,-1.6765928E+002,-5.6042021E-001,-1.3317141E-002, 0.0000000E+000, 0.0000000E+000,-1.0192844E+000, 1.5291393E+000, 0.0000000E+000, 4.9999999E-003, 0.0000000E+000
 4.7022195E+000, 2.2919659E+002, 0.0000000E+000,-5.7039628E+001,-1.4338316E+002,-4.8666178E-001,-1.3303231E-002, 0.0000000E+000, 0.0000000E+000, 2.7293633E+001, 2.8273843E+001, 0.0000000E+000, 4.9999999E-003, 0.0000000E+000
 4.8077040E+000, 2.2908371E+002, 0.0000000E+000,-5.7134719E+001,-1.2458964E+002,-4.5094740E-001,-1.3252558E-002, 0.0000000E+000, 0.0000000E+000, 4.6149418E+001, 4.6895155E+001, 0.0000000E+000, 4.9999999E-003, 0.0000000E+000
 4.9031501E+000, 2.3506760E+002, 0.0000000E+000,-5.9656867E+001,-1.3611387E+002,-5.2260627E-001,-1.3222939E-002, 0.0000000E+000, 0.0000000E+000, 3.9372830E+001, 3.8761033E+001, 0.0000000E+000, 5.0000000E-003, 0.0000000E+000
 5.0092010E+000, 2.3301302E+002, 0.0000000E+000,-5.9133444E+001,-1.4403287E+002,-5.2964224E-001,-1.3251593E-002, 0.0000000E+000, 0.0000000E+000, 3.0747255E+001, 2.9303819E+001, 0.0000000E+000, 5.0000000E-003, 0.0000000E+000
 5.1046472E+000, 2.2332910E+002, 0.0000000E+000,-5.5549104E+001,-1.6091168E+002,-5.2466012E-001,-1.3284072E-002, 0.0000000E+000, 0.0000000E+000, 6.4641767E+000, 6.3303759E+000, 0.0000000E+000, 5.0000000E-003, 0.0000000E+000
 5.2053957E+000, 2.2059590E+002, 0.0000000E+000,-5.4993875E+001,-1.5848812E+002,-5.2723741E-001,-1.3478551E-002, 0.0000000E+000, 0.0000000E+000, 7.1365606E+000, 6.5731891E+000, 0.0000000E+000, 5.0000000E-003, 0.0000000E+000
 5.3103867E+000, 2.2854744E+002, 0.0000000E+000,-5.8859029E+001,-1.9169799E+002,-5.7596451E-001,-1.3366930E-002, 0.0000000E+000, 0.0000000E+000,-2.1236512E+001,-2.2598910E+001, 0.0000000E+000, 5.0000000E-003, 0.0000000E+000
 5.4037113E+000, 2.3574408E+002, 0.0000000E+000,-6.1695873E+001,-1.7643890E+002,-7.1515665E-001,-1.3306752E-002, 0.0000000E+000, 0.0000000E+000,-7.2655719E+000,-3.1191619E+000, 0.0000000E+000, 5.0000000E-003, 0.0000000E+000
 5.5122018E+000, 2.3952271E+002, 0.0000000E+000,-6.1037822E+001,-1.5030535E+002,-6.6058196E-001,-1.3400741E-002, 0.0000000E+000, 0.0000000E+000, 2.7307252E+001, 2.7505559E+001, 0.0000000E+000, 5.0000000E-003, 0.0000000E+000
 5.6101131E+000, 2.3692979E+002, 0.0000000E+000,-6.0451191E+001,-1.4877528E+002,-5.9392686E-001,-1.3407064E-002, 0.0000000E+000, 0.0000000E+000, 2.6965154E+001, 2.7095983E+001, 0.0000000E+000, 5.0000000E-003, 0.0000000E+000
 5.7060037E+000, 2.2726392E+002, 0.0000000E+000,-5.5950254E+001,-1.4462919E+002,-5.1160850E-001,-1.3179847E-002, 0.0000000E+000, 0.0000000E+000, 2.8009596E+001, 2.6159682E+001, 0.0000000E+000, 5.0000000E-003, 0.0000000E+000
 5.8017182E+000, 2.1776010E+002, 0.0000000E+000,-5.4137574E+001,-1.8093499E+002,-4.8555763E-001,-1.3184044E-002, 0.0000000E+000, 0.0000000E+000,-1.6090537E+001,-1.7811207E+001, 0.0000000E+000, 5.0000000E-003, 0.0000000E+000
 5.9070044E+000, 2.2295712E+002, 0.0000000E+000,-5.8063889E+001,-1.8632839E+002,-4.8339388E-001,-1.3382388E-002, 0.0000000E+000, 0.0000000E+000,-2.2568307E+001,-2.1931934E+001, 0.0000000E+000, 5.0000000E-003, 0.0000000E+000
 6.0043540E+000, 2.3512747E+002, 0.0000000E+000,-6.1999417E+001,-1.8565656E+002,-5.3015370E-001,-1.3385555E-002, 0.0000000E+000, 0.0000000E+000,-1.5427629E+001,-1.3072049E+001, 0.0000000E+000, 5.0000000E-003, 0.0000000E+000
 6.1055112E+000, 2.3154173E+002, 0.0000000E+000,-5.8691149E+001,-1.5226428E+002,-6.2001160E-001,-1.3386931E-002, 0.0000000E+000, 0.0000000E+000, 2.0093862E+001, 1.9952900E+001, 0.0000000E+000, 5.0000000E-003, 0.0000000E+000
 6.2066689E+000, 2.2511887E+002, 0.0000000E+000,-5.5290173E+001,-1.7800921E+002,-6.4453445E-001,-1.3375021E-002, 0.0000000E+000, 0.0000000E+000,-7.6599320E+000,-8.8384208E+000, 0.0000000E+000, 5.0000000E-003, 0.0000000E+000
 6.3078265E+000, 2.2333435E+002, 0.0000000E+000,-5.6041972E+001,-1.5963722E+002,-7.0205040E-001,-1.3343926E-002, 0.0000000E+000, 0.0000000E+000, 5.9336502E+000, 6.9397631E+000, 0.0000000E+000, 5.0000000E-003, 0.0000000E+000
 6.4123559E+000, 2.2259042E+002, 0.0000000E+000,-5.5332658E+001,-1.4327856E+002,-6.5059238E-001,-1.3221441E-002, 0.0000000E+000, 0.0000000E+000, 2.2343674E+001, 2.3315388E+001, 0.0000000E+000, 5.0000000E-003, 0.0000000E+000
 6.5112658E+000, 2.3050614E+002, 0.0000000E+000,-5.9522421E+001,-1.3763237E+002,-5.9475095E-001,-1.3381686E-002, 0.0000000E+000, 0.0000000E+000, 3.2528451E+001, 3.2743214E+001, 0.0000000E+000, 5.0000000E-003, 0.0000000E+000
 6.6002841E+000, 2.2925595E+002, 0.0000000E+000,-6.0426303E+001,-1.3541905E+002,-5.1925143E-001,-1.3502994E-002, 0.0000000E+000, 0.0000000E+000, 3.2657543E+001, 3.2877839E+001, 0.0000000E+000, 5.0000000E-003, 0.0000000E+000
 6.7100921E+000, 2.2402168E+002, 0.0000000E+000,-5.8660885E+001,-1.4702527E+002,-4.5923905E-001,-1.3468417E-002, 0.0000000E+000, 0.0000000E+000, 2.0651250E+001, 1.7862818E+001, 0.0000000E+000, 5.0000000E-003, 0.0000000E+000
 6.8045006E+000, 2.1895845E+002, 0.0000000E+000,-5.6992455E+001,-1.9392305E+002,-5.0373048E-001,-1.3496250E-002, 0.0000000E+000, 0.0000000E+000,-3.0873551E+001,-3.2474278E+001, 0.0000000E+000, 5.0000000E-003, 0.0000000E+000
 6.9063277E+000, 2.1974128E+002, 0.0000000E+000,-5.8854700E+001,-2.0100657E+002,-5.5825009E-001,-1.3422883E-002, 0.0000000E+000, 0.0000000E+000,-4.0746448E+001,-4.0691665E+001, 0.0000000E+000, 5.0000000E-003, 0.0000000E+000
 7.0020452E+000, 2.2699173E+002, 0.0000000E+000,-6.0809476E+001,-1.9309651E+002,-6.7597868E-001,-1.3239026E-002, 0.0000000E+000, 0.0000000E+000,-2.8365848E+001,-2.7603469E+001, 0.0000000E+000, 5.0000000E-003, 0.0000000E+000
 7.1084542E+000, 2.3096607E+002, 0.0000000E+000,-6.1638251E+001,-2.0062358E+002,-7.5738237E-001,-1.3331764E-002, 0.0000000E+000, 0.0000000E+000,-3.2229280E+001,-3.2066469E+001, 0.0000000E+000, 5.0000000E-003, 0.0000000E+000
 7.2070231E+000, 2.2659898E+002, 0.0000000E+000,-5.7813245E+001,-1.7669162E+002,-6.8786952E-001,-1.3654793E-002, 0.0000000E+000, 0.0000000E+000,-1.1148898E+001,-8.6074102E+000, 0.0000000E+000, 5.0000000E-003, 0.0000000E+000
 7.3055921E+000, 2.2998152E+002, 0.0000000E+000,-5.7503294E+001,-1.6179283E+002,-6.3016772E-001,-1.3786007E-002, 0.0000000E+000, 0.0000000E+000, 9.4357487E+000, 1.0041442E+001, 0.0000000E+000, 5.0000000E-003, 0.0000000E+000
 7.4041605E+000, 2.2873711E+002, 0.0000000E+000,-5.9082209E+001,-1.2992114E+002,-6.2987822E-001,-1.3716530E-002, 0.0000000E+000, 0.0000000E+000, 3.7744827E+001, 3.9090162E+001, 0.0000000E+000, 5.0000000E-003, 0.0000000E+000
 7.5027294E+000, 2.3563880E+002, 0.0000000E+000,-6.0457157E+001,-1.3737323E+002,-6.3712927E-001,-1.3630326E-002, 0.0000000E+000, 0.0000000E+000, 3.9045890E+001, 3.7157653E+001, 0.0000000E+000, 5.0000000E-003, 0.0000000E+000
 7.6012979E+000, 2.3272885E+002, 0.0000000E+000,-5.6554721E+001,-1.6570331E+002,-6.7176276E-001,-1.3694247E-002, 0.0000000E+000, 0.0000000E+000, 8.9195740E+000, 9.7853620E+000, 0.0000000E+000, 5.0000000E-003, 0.0000000E+000
 7.7015333E+000, 2.3871168E+002, 0.0000000E+000,-5.8245250E+001,-1.5601485E+002,-5.6290516E-001,-1.3779480E-002, 0.0000000E+000, 0.0000000E+000, 2.3107336E+001, 2.3874894E+001, 0.0000000E+000, 5.0000000E-003, 0.0000000E+000
 7.8105807E+000, 2.3965712E+002, 0.0000000E+000,-6.0231772E+001,-1.3745031E+002,-5.8138254E-001,-1.3784652E-002, 0.0000000E+000, 0.0000000E+000, 4.1376143E+001, 4.1379877E+001, 0.0000000E+000, 5.0000000E-003, 0.0000000E+000
 7.9075117E+000, 2.2502575E+002, 0.0000000E+000,-5.9042652E+001,-1.3825872E+002,-6.3194017E-001,-1.3742914E-002, 0.0000000E+000, 0.0000000E+000, 2.9500011E+001, 2.7078694E+001, 0.0000000E+000, 5.0000000E-003, 0.0000000E+000
 8.0044432E+000, 2.1906121E+002, 0.0000000E+000,-5.7615872E+001,-1.6019935E+002,-7.1837887E-001,-1.3609937E-002, 0.0000000E+000, 0.0000000E+000, 2.9961699E+000, 5.1400391E-001, 0.0000000E+000, 5.0000000E-003, 0.0000000E+000
 8.1025858E+000, 2.2305076E+002, 0.0000000E+000,-5.7665090E+001,-1.8871377E+002,-6.7291335E-001,-1.3527484E-002, 0.0000000E+000, 0.0000000E+000,-2.5842529E+001,-2.4014542E+001, 0.0000000E+000, 5.0000000E-003, 0.0000000E+000
 8.2092094E+000, 2.3819522E+002, 0.0000000E+000,-5.8498722E+001,-1.7578410E+002,-6.5006185E-001,-1.3377400E-002, 0.0000000E+000, 0.0000000E+000, 1.5851858E+000, 3.2489585E+000, 0.0000000E+000, 5.0000000E-003, 0.0000000E+000
 8.3025055E+000, 2.2578056E+002, 0.0000000E+000,-5.1455544E+001,-1.5887577E+002,-6.0871787E-001,-1.3713732E-002, 0.0000000E+000, 0.0000000E+000, 1.4548771E+001, 1.4826822E+001, 0.0000000E+000, 5.0000000E-003, 0.0000000E+000
 8.4091301E+000, 2.1762607E+002, 0.0000000E+000,-4.7839108E+001,-1.3730839E+002,-5.1897753E-001,-1.3731050E-002, 0.0000000E+000, 0.0000000E+000, 3.1177392E+001, 3.1945859E+001, 0.0000000E+000, 5.0000000E-003, 0.0000000E+000
 8.5024261E+000, 2.2329781E+002, 0.0000000E+000,-5.4646549E+001,-1.4594537E+002,-4.7129915E-001,-1.3725631E-002, 0.0000000E+000, 0.0000000E+000, 2.3857894E+001, 2.2220866E+001, 0.0000000E+000, 5.0000000E-003, 0.0000000E+000
 8.6090508E+000, 2.3172450E+002, 0.0000000E+000,-6.1420606E+001,-1.5443214E+002,-4.7820642E-001,-1.3597595E-002, 0.0000000E+000, 0.0000000E+000, 1.4533912E+001, 1.5379954E+001, 0.0000000E+000, 5.0000000E-003, 0.0000000E+000
 8.7023468E+000, 2.3542657E+002, 0.0000000E+000,-6.2611965E+001,-1.3318430E+002,-4.8692148E-001,-1.3221552E-002, 0.0000000E+000, 0.0000000E+000, 3.7730027E+001, 3.9130170E+001, 0.0000000E+000, 5.0000000E-003, 0.0000000E+000
 8.8031521E+000, 2.3484761E+002, 0.0000000E+000,-6.3448375E+001,-1.6046142E+002,-4.5648518E-001,-1.3236299E-002, 0.0000000E+000, 0.0000000E+000, 1.4360430E+001, 1.0468090E+001, 0.0000000E+000, 5.0000000E-003, 0.0000000E+000
 8.9056482E+000, 2.1657101E+002, 0.0000000E+000,-5.7992212E+001,-1.7414849E+002,-4.9295802E-001,-1.3602137E-002, 0.0000000E+000, 0.0000000E+000,-1.5955304E+001,-1.6076256E+001, 0.0000000E+000, 5.0000000E-003, 0.0000000E+000
 9.0081434E+000, 2.1200577E+002, 0.0000000E+000,-5.5906645E+001,-1.9274280E+002,-7.6563721E-001,-1.3579336E-002, 0.0000000E+000, 0.0000000E+000,-3.3790728E+001,-3.7422894E+001, 0.0000000E+000, 5.0000000E-003, 0.0000000E+000
 9.1110954E+000, 2.2869129E+002, 0.0000000E+000,-6.1674715E+001,-2.1523667E+002,-8.6022775E-001,-1.3443162E-002, 0.0000000E+000, 0.0000000E+000,-5.3814949E+001,-4.9093770E+001, 0.0000000E+000, 5.0000000E-003, 0.0000000E+000
 9.2075558E+000, 2.4792026E+002, 0.0000000E+000,-6.7116400E+001,-1.6568428E+002,-6.9902638E-001,-1.3433941E-002, 0.0000000E+000, 0.0000000E+000, 1.0444754E+001, 1.4407115E+001, 0.0000000E+000, 5.0000000E-003, 0.0000000E+000
 9.3040152E+000, 2.3718511E+002, 0.0000000E+000,-6.0200790E+001,-1.4638978E+002,-5.7025969E-001,-1.3507777E-002, 0.0000000E+000, 0.0000000E+000, 3.2154748E+001, 3.0010778E+001, 0.0000000E+000, 5.0000000E-003, 0.0000000E+000
 9.4041395E+000, 2.2138764E+002, 0.0000000E+000,-5.3634801E+001,-1.7445521E+002,-6.5575955E-001,-1.3535835E-002, 0.0000000E+000, 0.0000000E+000,-4.9486473E+000,-7.3716624E+000, 0.0000000E+000, 5.0000000E-003, 0.0000000E+000
 9.5034714E+000, 2.1414849E+002, 0.0000000E+000,-5.5704219E+001,-1.7897304E+002,-7.7788547E-001,-1.3305932E-002, 0.0000000E+000, 0.0000000E+000,-2.1414887E+001,-2.1319965E+001, 0.0000000E+000, 5.0000000E-003, 0.0000000E+000
 9.6106377E+000, 2.1916871E+002, 0.0000000E+000,-5.5341055E+001,-1.6023906E+002,-6.0793471E-001,-1.3430105E-002, 0.0000000E+000, 0.0000000E+000, 5.4217391E-001, 2.9672318E+000, 0.0000000E+000, 5.0000000E-003, 0.0000000E+000
 9.7070875E+000, 2.2945573E+002, 0.0000000E+000,-5.7451983E+001,-1.8135703E+002,-5.6528315E-001,-1.3529928E-002, 0.0000000E+000, 0.0000000E+000,-6.0687107E+000,-9.9320965E+000, 0.0000000E+000, 5.0000000E-003, 0.0000000E+000
 9.8004293E+000, 2.1881951E+002, 0.0000000E+000,-5.4716062E+001,-2.2025748E+002,-8.8414633E-001,-1.3542260E-002, 0.0000000E+000, 0.0000000E+000,-5.8420946E+001,-5.7051717E+001, 0.0000000E+000, 5.0000000E-003, 0.0000000E+000
 9.9041662E+000, 2.2735163E+002, 0.0000000E+000,-5.8346909E+001,-1.6425242E+002,-8.1289990E-001,-1.3529571E-002, 0.0000000E+000, 0.0000000E+000,-6.0896668E-001, 3.9258786E+000, 0.0000000E+000, 5.0000000E-003, 0.0000000E+000
 1.0011023E+001, 2.2967001E+002, 0.0000000E+000,-5.8403728E+001,-1.4830277E+002,-7.4444949E-001,-1.3588088E-002, 0.0000000E+000, 0.0000000E+000, 2.3141771E+001, 2.2205475E+001, 0.0000000E+000, 5.0000000E-003, 0.0000000E+000
 1.0103505E+001, 2.3189986E+002, 0.0000000E+000,-5.9217768E+001,-1.4565654E+002,-6.5008053E-001,-1.3666775E-002, 0.0000000E+000, 0.0000000E+000, 2.5479218E+001, 2.6361799E+001, 0.0000000E+000, 5.0000000E-003, 0.0000000E+000
 1.0207548E+001, 2.3111116E+002, 0.0000000E+000,-5.8705072E+001,-1.2749360E+002,-5.9252350E-001,-1.3844504E-002, 0.0000000E+000, 0.0000000E+000, 4.2463405E+001, 4.4306118E+001, 0.0000000E+000, 5.0000000E-003, 0.0000000E+000
 1.0300031E+001, 2.4293040E+002, 0.0000000E+000,-6.4627774E+001,-1.3440544E+002,-6.2633219E-001,-1.3845980E-002, 0.0000000E+000, 0.0000000E+000, 4.5311538E+001, 4.3257011E+001, 0.0000000E+000, 5.0000000E-003, 0.0000000E+000
 1.0400605E+001, 2.4392307E+002, 0.0000000E+000,-6.6319150E+001,-1.7351834E+002,-6.5776569E-001,-1.3799797E-002, 0.0000000E+000, 0.0000000E+000, 5.8831994E+000, 3.4140153E+000, 0.0000000E+000, 5.0000000E-003, 0.0000000E+000
 1.0512508E+001, 2.2767717E+002, 0.0000000E+000,-5.6308491E+001,-2.0507041E+002,-7.1490648E-001,-1.3772849E-002, 0.0000000E+000, 0.0000000E+000,-3.3079384E+001,-3.4430418E+001, 0.0000000E+000, 5.0000000E-003, 0.0000000E+000
 1.0610425E+001, 2.2234575E+002, 0.0000000E+000,-5.4163422E+001,-1.6977010E+002,-7.1971102E-001,-1.3827971E-002, 0.0000000E+000, 0.0000000E+000,-5.7320407E+000,-2.3213148E+000, 0.0000000E+000, 5.0000000E-003, 0.0000000E+000
 1.0712034E+001, 2.1965676E+002, 0.0000000E+000,-5.5814100E+001,-1.3495258E+002,-7.1312714E-001,-1.3570805E-002, 0.0000000E+000, 0.0000000E+000, 2.8358589E+001, 2.8163387E+001, 0.0000000E+000, 5.0000000E-003, 0.0000000E+000
 1.0810212E+001, 2.0628586E+002, 0.0000000E+000,-5.2856846E+001,-1.3167134E+002,-6.8300302E-001,-1.3356943E-002, 0.0000000E+000, 0.0000000E+000, 2.1943095E+001, 2.1061308E+001, 0.0000000E+000, 5.0000000E-003, 0.0000000E+000
 1.0909616E+001, 2.0674906E+002, 0.0000000E+000,-5.4482846E+001,-1.2838683E+002,-5.4787339E-001,-1.3394610E-002, 0.0000000E+000, 0.0000000E+000, 2.3153991E+001, 2.3318108E+001, 0.0000000E+000, 5.0000000E-003, 0.0000000E+000
 1.1010346E+001, 2.2276584E+002, 0.0000000E+000,-6.1185092E+001,-1.2585598E+002,-4.4370046E-001,-1.3513700E-002, 0.0000000E+000, 0.0000000E+000, 3.2619412E+001, 3.5267552E+001, 0.0000000E+000, 5.0000000E-003, 0.0000000E+000
 1.1100630E+001, 2.4705912E+002, 0.0000000E+000,-7.0005083E+001,-1.4789118E+002,-4.4019411E-001,-1.3354823E-002, 0.0000000E+000, 0.0000000E+000, 3.0022380E+001, 2.8709300E+001, 0.0000000E+000, 5.0000000E-003, 0.0000000E+000
 1.1210218E+001, 2.3626994E+002, 0.0000000E+000,-6.3849570E+001,-1.8040410E+002,-6.5104381E-001,-1.3364884E-002, 0.0000000E+000, 0.0000000E+000,-5.4450147E+000,-8.6481415E+000, 0.0000000E+000, 5.0000000E-003, 0.0000000E+000
 1.1309540E+001, 2.2883539E+002, 0.0000000E+000,-6.0432354E+001,-2.2231030E+002,-8.1150719E-001,-1.3385380E-002, 0.0000000E+000, 0.0000000E+000,-5.3445148E+001,-5.4732162E+001, 0.0000000E+000, 5.0000000E-003, 0.0000000E+000
 1.1403358E+001, 2.2704053E+002, 0.0000000E+000,-5.9351022E+001,-2.2689763E+002,-9.3417948E-001,-1.3494040E-002, 0.0000000E+000, 0.0000000E+000,-5.8244390E+001,-6.0155803E+001, 0.0000000E+000, 5.0000000E-003, 0.0000000E+000
 1.1502515E+001, 2.2988342E+002, 0.0000000E+000,-6.0505288E+001,-2.4095654E+002,-1.2908188E+000,-1.3369744E-002, 0.0000000E+000, 0.0000000E+000,-7.2624501E+001,-7.2882589E+001, 0.0000000E+000, 5.0000000E-003, 0.0000000E+000
 1.1606605E+001, 2.2712676E+002, 0.0000000E+000,-5.9393248E+001,-2.0894155E+002,-1.3499963E+000,-1.3459883E-002, 0.0000000E+000, 0.0000000E+000,-4.4366142E+001,-4.2571493E+001, 0.0000000E+000, 5.0000000E-003, 0.0000000E+000
 1.1710694E+001, 2.2655598E+002, 0.0000000E+000,-5.7967193E+001,-1.8473826E+002,-1.1283415E+000,-1.3681842E-002, 0.0000000E+000, 0.0000000E+000,-1.7855289E+001,-1.7291492E+001, 0.0000000E+000, 5.0000000E-003, 0.0000000E+000
 1.1803218E+001, 2.3294940E+002, 0.0000000E+000,-5.7338899E+001,-1.6634083E+002,-9.9877725E-001,-1.3749113E-002, 0.0000000E+000, 0.0000000E+000, 6.1084149E+000, 8.2571430E+000, 0.0000000E+000, 5.0000000E-003, 0.0000000E+000
 1.1904783E+001, 2.2325913E+002, 0.0000000E+000,-5.4628773E+001,-1.3988367E+002,-8.2249628E-001,-1.3532271E-002, 0.0000000E+000, 0.0000000E+000, 2.7574665E+001, 2.7910664E+001, 0.0000000E+000, 5.0000000E-003, 0.0000000E+000
 1.2000600E+001, 2.3149211E+002, 0.0000000E+000,-5.8592090E+001,-1.3242475E+002,-6.9594832E-001,-1.3506492E-002, 0.0000000E+000, 0.0000000E+000, 3.9107222E+001, 3.9765813E+001, 0.0000000E+000, 5.0000000E-003, 0.0000000E+000
 1.2102599E+001, 2.3615805E+002, 0.0000000E+000,-6.0679752E+001,-1.4601224E+002,-6.6453088E-001,-1.3586513E-002, 0.0000000E+000, 0.0000000E+000, 3.0169093E+001, 2.8787934E+001, 0.0000000E+000, 5.0000000E-003, 0.0000000E+000
 1.2204598E+001, 2.2789382E+002, 0.0000000E+000,-5.7138428E+001,-1.8242025E+002,-7.7960445E-001,-1.3668451E-002, 0.0000000E+000, 0.0000000E+000,-1.0488292E+001,-1.2458122E+001, 0.0000000E+000, 5.0000000E-003, 0.0000000E+000
 1.2311131E+001, 2.3093776E+002, 0.0000000E+000,-5.7734526E+001,-1.7199777E+002,-8.3910681E-001,-1.3613171E-002, 0.0000000E+000, 0.0000000E+000,-1.3264866E+000, 3.5274109E-001, 0.0000000E+000, 5.0000000E-003, 0.0000000E+000
 1.2410863E+001, 2.3570887E+002, 0.0000000E+000,-5.7677300E+001,-1.6688990E+002,-7.6375969E-001,-1.3761382E-002, 0.0000000E+000, 0.0000000E+000, 9.6940662E+000, 1.0364149E+001, 0.0000000E+000, 5.0000000E-003, 0.0000000E+000
 1.2510596E+001, 2.2887349E+002, 0.0000000E+000,-5.8925031E+001,-1.6934709E+002,-8.5949770E-001,-1.3686845E-002, 0.0000000E+000, 0.0000000E+000, 2.4770371E+000,-2.7181876E-001, 0.0000000E+000, 5.0000000E-003, 0.0000000E+000
 1.2610329E+001, 2.1528622E+002, 0.0000000E+000,-5.2212085E+001,-1.8228138E+002,-8.1348044E-001,-1.3727163E-002, 0.0000000E+000, 0.0000000E+000,-2.0682337E+001,-2.0034446E+001, 0.0000000E+000, 5.0000000E-003, 0.0000000E+000
 1.2701322E+001, 2.1827918E+002, 0.0000000E+000,-5.4848704E+001,-1.4910038E+002,-8.3314888E-001,-1.3522054E-002, 0.0000000E+000, 0.0000000E+000, 1.1960841E+001, 1.3483424E+001, 0.0000000E+000, 5.0000000E-003, 0.0000000E+000
 1.2802284E+001, 2.2087602E+002, 0.0000000E+000,-5.8033735E+001,-1.4456056E+002,-6.6101315E-001,-1.3732242E-002, 0.0000000E+000, 0.0000000E+000, 1.9360832E+001, 1.7606981E+001, 0.0000000E+000, 5.0000000E-003, 0.0000000E+000
 1.2903248E+001, 2.2933417E+002, 0.0000000E+000,-6.2543127E+001,-1.8260866E+002,-6.4052073E-001,-1.3644453E-002, 0.0000000E+000, 0.0000000E+000,-1.4651586E+001,-1.6471780E+001, 0.0000000E+000, 5.0000000E-003, 0.0000000E+000
 1.3009820E+001, 2.2668475E+002, 0.0000000E+000,-5.9545017E+001,-2.1856434E+002,-6.4420077E-001,-1.3801838E-002, 0.0000000E+000, 0.0000000E+000,-5.2124642E+001,-5.2082610E+001, 0.0000000E+000, 5.0000000E-003, 0.0000000E+000
 1.3108539E+001, 2.3687476E+002, 0.0000000E+000,-5.7507718E+001,-1.9079980E+002,-5.8651284E-001,-1.3688185E-002, 0.0000000E+000, 0.0000000E+000,-1.5026721E+001,-1.2032965E+001, 0.0000000E+000, 5.0000000E-003, 0.0000000E+000
 1.3207258E+001, 2.3960318E+002, 0.0000000E+000,-5.8970853E+001,-1.8266970E+002,-6.1068186E-001,-1.3673182E-002, 0.0000000E+000, 0.0000000E+000,-3.1657634E+000,-2.6617232E+000, 0.0000000E+000, 5.0000000E-003, 0.0000000E+000
 1.3305978E+001, 2.3601162E+002, 0.0000000E+000,-5.9051867E+001,-1.6981164E+002,-5.9297221E-001,-1.3827675E-002, 0.0000000E+000, 0.0000000E+000, 6.1610869E+000, 6.5413205E+000, 0.0000000E+000, 5.0000000E-003, 0.0000000E+000
 1.3404697E+001, 2.2499396E+002, 0.0000000E+000,-5.6587594E+001,-1.4072740E+002,-6.4578739E-001,-1.3676659E-002, 0.0000000E+000, 0.0000000E+000, 2.7514949E+001, 2.7019496E+001, 0.0000000E+000, 5.0000000E-003, 0.0000000E+000
 1.3503416E+001, 2.1109566E+002, 0.0000000E+000,-5.1633035E+001,-1.5069289E+002,-6.7195630E-001,-1.3409537E-002, 0.0000000E+000, 0.0000000E+000, 1.0614550E+001, 8.0843731E+000, 0.0000000E+000, 5.0000000E-003, 0.0000000E+000
 1.3602136E+001, 2.1632480E+002, 0.0000000E+000,-5.2945431E+001,-1.8938469E+002,-7.0585227E-001,-1.3515437E-002, 0.0000000E+000, 0.0000000E+000,-2.5748132E+001,-2.6724691E+001, 0.0000000E+000, 5.0000000E-003, 0.0000000E+000
 1.3703323E+001, 2.2935199E+002, 0.0000000E+000,-5.7338985E+001,-1.8447140E+002,-5.3885102E-001,-1.3571989E-002, 0.0000000E+000, 0.0000000E+000,-1.5545779E+001,-1.3010811E+001, 0.0000000E+000, 5.0000000E-003, 0.0000000E+000
 1.3802413E+001, 2.4330789E+002, 0.0000000E+000,-6.2389575E+001,-1.6719295E+002,-5.7315592E-001,-1.3594700E-002, 0.0000000E+000, 0.0000000E+000, 1.0324820E+001, 1.3138611E+001, 0.0000000E+000, 5.0000000E-003, 0.0000000E+000
 1.3900795E+001, 2.4242988E+002, 0.0000000E+000,-6.1948009E+001,-1.3098457E+002,-6.0576394E-001,-1.3756342E-002, 0.0000000E+000, 0.0000000E+000, 4.6830746E+001, 4.8877783E+001, 0.0000000E+000, 5.0000000E-003, 0.0000000E+000
 1.4002518E+001, 2.3240783E+002, 0.0000000E+000,-5.9412162E+001,-1.1768765E+002,-5.1002337E-001,-1.3723771E-002, 0.0000000E+000, 0.0000000E+000, 5.7063821E+001, 5.4784269E+001, 0.0000000E+000, 5.0000000E-003, 0.0000000E+000
 1.4106229E+001, 2.1318950E+002, 0.0000000E+000,-5.7887153E+001,-1.4282609E+002,-5.1051669E-001,-1.3568630E-002, 0.0000000E+000, 0.0000000E+000, 1.5651529E+001, 1.1952172E+001, 0.0000000E+000, 5.0000000E-003, 0.0000000E+000
 1.4209941E+001, 2.0874373E+002, 0.0000000E+000,-5.6277798E+001,-1.6554888E+002,-5.2344715E-001,-1.3352752E-002, 0.0000000E+000, 0.0000000E+000,-1.4562357E+001,-1.3619748E+001, 0.0000000E+000, 5.0000000E-003, 0.0000000E+000
 1.4307106E+001, 2.2732285E+002, 0.0000000E+000,-5.9234376E+001,-1.8522945E+002,-5.8322919E-001,-1.3478025E-002, 0.0000000E+000, 0.0000000E+000,-1.7225940E+001,-1.7737686E+001, 0.0000000E+000, 5.0000000E-003, 0.0000000E+000
 1.4412967E+001, 2.3608285E+002, 0.0000000E+000,-6.1815550E+001,-2.1243965E+002,-6.0538067E-001,-1.3402588E-002, 0.0000000E+000, 0.0000000E+000,-3.8900832E+001,-3.8791136E+001, 0.0000000E+000, 5.0000000E-003, 0.0000000E+000
 1.4507250E+001, 2.2300513E+002, 0.0000000E+000,-5.4890325E+001,-1.7981191E+002,-7.5989356E-001,-1.3559468E-002, 0.0000000E+000, 0.0000000E+000,-1.5055149E+001,-1.2470553E+001, 0.0000000E+000, 5.0000000E-003, 0.0000000E+000
 1.4601533E+001, 2.1574248E+002, 0.0000000E+000,-5.1603644E+001,-1.4334057E+002,-7.3134082E-001,-1.3427412E-002, 0.0000000E+000, 0.0000000E+000, 1.8799507E+001, 2.0053491E+001, 0.0000000E+000, 5.0000000E-003, 0.0000000E+000
 1.4709286E+001, 2.2268254E+002, 0.0000000E+000,-5.6438040E+001,-1.4898771E+002,-7.7307502E-001,-1.3351666E-002, 0.0000000E+000, 0.0000000E+000, 1.8687197E+001, 1.6470357E+001, 0.0000000E+000, 5.0000000E-003, 0.0000000E+000
 1.4808396E+001, 2.3043748E+002, 0.0000000E+000,-6.0053111E+001,-1.8655811E+002,-7.7716935E-001,-1.3441784E-002, 0.0000000E+000, 0.0000000E+000,-1.5935689E+001,-1.6964349E+001, 0.0000000E+000, 5.0000000E-003, 0.0000000E+000
 1.4907642E+001, 2.3157876E+002, 0.0000000E+000,-6.2078128E+001,-1.7587064E+002,-7.9257214E-001,-1.3473732E-002, 0.0000000E+000, 0.0000000E+000,-8.4315710E+000,-7.1760572E+000, 0.0000000E+000, 5.0000000E-003, 0.0000000E+000
 1.5000101E+001, 2.2914955E+002, 0.0000000E+000,-6.3138284E+001,-1.6469904E+002,-7.7316887E-001,-1.3332939E-002, 0.0000000E+000, 0.0000000E+000, 2.6254087E+000, 5.2572444E-001, 0.0000000E+000, 5.0000000E-003, 0.0000000E+000
 1.5104117E+001, 2.1991010E+002, 0.0000000E+000,-5.7624413E+001,-1.9705675E+002,-6.6168895E-001,-1.3205495E-002, 0.0000000E+000, 0.0000000E+000,-3.3848141E+001,-3.5445951E+001, 0.0000000E+000, 5.0000000E-003, 0.0000000E+000
 1.5202354E+001, 2.3086705E+002, 0.0000000E+000,-5.9735821E+001,-2.0572130E+002,-5.7319686E-001,-1.3394844E-002, 0.0000000E+000, 0.0000000E+000,-3.7522978E+001,-3.5176660E+001, 0.0000000E+000, 5.0000000E-003, 0.0000000E+000
 1.5304059E+001, 2.3381900E+002, 0.0000000E+000,-6.1581093E+001,-1.6619297E+002,-6.1333154E-001,-1.3422355E-002, 0.0000000E+000, 0.0000000E+000, 3.0198490E+000, 5.4181817E+000, 0.0000000E+000, 5.0000000E-003, 0.0000000E+000
 1.5404262E+001, 2.3156807E+002, 0.0000000E+000,-5.7677807E+001,-1.5483467E+002,-7.0735739E-001,-1.3384151E-002, 0.0000000E+000, 0.0000000E+000, 1.8757383E+001, 1.8334850E+001, 0.0000000E+000, 5.0000000E-003, 0.0000000E+000
 1.5507403E+001, 2.2993522E+002, 0.0000000E+000,-5.8633170E+001,-1.6194329E+002,-5.7369829E-001,-1.3350186E-002, 0.0000000E+000, 0.0000000E+000, 1.0095178E+001, 8.7717110E+000, 0.0000000E+000, 5.0000000E-003, 0.0000000E+000
 1.5609288E+001, 2.2702219E+002, 0.0000000E+000,-5.7626664E+001,-1.6303167E+002,-7.1869358E-001,-1.3147048E-002, 0.0000000E+000, 0.0000000E+000, 4.7067087E+000, 5.6320173E+000, 0.0000000E+000, 5.0000000E-003, 0.0000000E+000
 1.5709952E+001, 2.2235975E+002, 0.0000000E+000,-5.5176857E+001,-1.4398685E+002,-6.1213840E-001,-1.3267887E-002, 0.0000000E+000, 0.0000000E+000, 2.2256692E+001, 2.2570643E+001, 0.0000000E+000, 5.0000000E-003, 0.0000000E+000
 1.5802316E+001, 2.2058260E+002, 0.0000000E+000,-5.4926435E+001,-1.3742412E+002,-5.0308214E-001,-1.3368477E-002, 0.0000000E+000, 0.0000000E+000, 2.7494395E+001, 2.7715594E+001, 0.0000000E+000, 5.0000000E-003, 0.0000000E+000
 1.5902888E+001, 2.2826300E+002, 0.0000000E+000,-5.9258045E+001,-1.5346880E+002,-5.1572760E-001,-1.3418481E-002, 0.0000000E+000, 0.0000000E+000, 1.6956615E+001, 1.5007006E+001, 0.0000000E+000, 5.0000000E-003, 0.0000000E+000
 1.6007875E+001, 2.2728450E+002, 0.0000000E+000,-5.8584076E+001,-2.0790331E+002,-9.8811926E-001,-1.3246153E-002, 0.0000000E+000, 0.0000000E+000,-3.7894691E+001,-4.0204255E+001, 0.0000000E+000, 5.0000000E-003, 0.0000000E+000
 1.6107216E+001, 2.2592567E+002, 0.0000000E+000,-5.9084557E+001,-2.1485800E+002,-1.0131577E+000,-1.3118075E-002, 0.0000000E+000, 0.0000000E+000,-5.0368517E+001,-4.9043157E+001, 0.0000000E+000, 5.0000000E-003, 0.0000000E+000
 1.6206558E+001, 2.2791117E+002, 0.0000000E+000,-6.1806421E+001,-1.7196564E+002,-7.9069878E-001,-1.3136369E-002, 0.0000000E+000, 0.0000000E+000,-9.4590591E+000,-6.6647256E+000, 0.0000000E+000, 5.0000000E-003, 0.0000000E+000
 1.6305901E+001, 2.1984010E+002, 0.0000000E+000,-5.5718917E+001,-1.4349435E+002,-8.3447375E-001,-1.3235733E-002, 0.0000000E+000, 0.0000000E+000, 2.0480377E+001, 1.9779129E+001, 0.0000000E+000, 5.0000000E-003, 0.0000000E+000
 1.6405241E+001, 2.2444803E+002, 0.0000000E+000,-5.7666567E+001,-1.6137442E+002,-6.1231479E-001,-1.3287164E-002, 0.0000000E+000, 0.0000000E+000, 4.7681838E+000, 4.7814399E+000, 0.0000000E+000, 5.0000000E-003, 0.0000000E+000
 1.6503309E+001, 2.3942994E+002, 0.0000000E+000,-6.3895884E+001,-1.7806228E+002,-6.3606933E-001,-1.3470933E-002, 0.0000000E+000, 0.0000000E+000,-2.6786581E+000,-3.1777655E+000, 0.0000000E+000, 5.0000000E-003, 0.0000000E+000
 1.6604721E+001, 2.3631156E+002, 0.0000000E+000,-6.2160565E+001,-1.9589622E+002,-7.3794556E-001,-1.3452442E-002, 0.0000000E+000, 0.0000000E+000,-2.1312719E+001,-2.2496624E+001, 0.0000000E+000, 5.0000000E-003, 0.0000000E+000
 1.6702789E+001, 2.2837560E+002, 0.0000000E+000,-5.6335328E+001,-1.7411045E+002,-6.0613465E-001,-1.3321689E-002, 0.0000000E+000, 0.0000000E+000,-6.0117339E+000,-2.6896321E+000, 0.0000000E+000, 5.0000000E-003, 0.0000000E+000
 1.6800858E+001, 2.2762060E+002, 0.0000000E+000,-5.6847629E+001,-1.2274302E+002,-5.4100561E-001,-1.3144166E-002, 0.0000000E+000, 0.0000000E+000, 4.5785042E+001, 4.7475802E+001, 0.0000000E+000, 5.0000000E-003, 0.0000000E+000
 1.6907030E+001, 2.3376086E+002, 0.0000000E+000,-6.0435153E+001,-1.2885388E+002,-5.9064633E-001,-1.3228510E-002, 0.0000000E+000, 0.0000000E+000, 4.5166332E+001, 4.3867955E+001, 0.0000000E+000, 5.0000000E-003, 0.0000000E+000
 1.7000540E+001, 2.2381142E+002, 0.0000000E+000,-5.6758459E+001,-1.6945085E+002,-6.6012253E-001,-1.3054077E-002, 0.0000000E+000, 0.0000000E+000, 9.1409395E-001,-3.0710619E+000, 0.0000000E+000, 5.0000000E-003, 0.0000000E+000
 1.7108284E+001, 2.1251263E+002, 0.0000000E+000,-5.4367533E+001,-1.7733345E+002,-6.9263886E-001,-1.2936080E-002, 0.0000000E+000, 0.0000000E+000,-2.0107930E+001,-1.9893930E+001, 0.0000000E+000, 5.0000000E-003, 0.0000000E+000
 1.7209648E+001, 2.2074626E+002, 0.0000000E+000,-5.8427156E+001,-1.9549196E+002,-7.6721755E-001,-1.3261458E-002, 0.0000000E+000, 0.0000000E+000,-3.1867645E+001,-3.3953332E+001, 0.0000000E+000, 5.0000000E-003, 0.0000000E+000
 1.7311010E+001, 2.2368913E+002, 0.0000000E+000,-5.5535636E+001,-2.0822534E+002,-8.2659156E-001,-1.3389216E-002, 0.0000000E+000, 0.0000000E+000,-4.3190879E+001,-4.0911827E+001, 0.0000000E+000, 5.0000000E-003, 0.0000000E+000
 1.7408997E+001, 2.3686270E+002, 0.0000000E+000,-6.1048259E+001,-1.9585094E+002,-7.2271320E-001,-1.3433827E-002, 0.0000000E+000, 0.0000000E+000,-2.2218854E+001,-2.0772644E+001, 0.0000000E+000, 5.0000000E-003, 0.0000000E+000
 1.7504391E+001, 2.3400548E+002, 0.0000000E+000,-6.0734716E+001,-1.6894466E+002,-6.7328016E-001,-1.3419040E-002, 0.0000000E+000, 0.0000000E+000, 3.2253182E+000, 3.6394038E+000, 0.0000000E+000, 5.0000000E-003, 0.0000000E+000
 1.7609678E+001, 2.3094199E+002, 0.0000000E+000,-5.9814104E+001,-1.5206308E+002,-6.4254947E-001,-1.3361500E-002, 0.0000000E+000, 0.0000000E+000, 1.8133189E+001, 1.8408895E+001, 0.0000000E+000, 5.0000000E-003, 0.0000000E+000
 1.7703266E+001, 2.1913128E+002, 0.0000000E+000,-5.7030864E+001,-1.4892710E+002,-5.0609355E-001,-1.3343586E-002, 0.0000000E+000, 0.0000000E+000, 1.3382090E+001, 1.2653884E+001, 0.0000000E+000, 5.0000000E-003, 0.0000000E+000
 1.7810436E+001, 2.2073800E+002, 0.0000000E+000,-5.6988677E+001,-1.3676786E+002,-4.7528101E-001,-1.3384510E-002, 0.0000000E+000, 0.0000000E+000, 2.5913313E+001, 2.6492799E+001, 0.0000000E+000, 5.0000000E-003, 0.0000000E+000
 1.7907825E+001, 2.3235066E+002, 0.0000000E+000,-5.9883852E+001,-1.8029298E+002,-5.0765292E-001,-1.3400569E-002, 0.0000000E+000, 0.0000000E+000,-7.1835282E+000,-8.3472322E+000, 0.0000000E+000, 5.0000000E-003, 0.0000000E+000
 1.8011497E+001, 2.3421791E+002, 0.0000000E+000,-5.9765193E+001,-1.7454158E+002,-5.1841513E-001,-1.3297972E-002, 0.0000000E+000, 0.0000000E+000,-2.1696695E+000,-6.2058095E-001, 0.0000000E+000, 5.0000000E-003, 0.0000000E+000
 1.8107143E+001, 2.3455948E+002, 0.0000000E+000,-6.0995372E+001,-1.5191875E+002,-4.6398819E-001,-1.3457340E-002, 0.0000000E+000, 0.0000000E+000, 2.0594399E+001, 2.1167909E+001, 0.0000000E+000, 5.0000000E-003, 0.0000000E+000
 1.8200813E+001, 2.3071935E+002, 0.0000000E+000,-6.0608260E+001,-1.5429127E+002,-4.3278341E-001,-1.3619530E-002, 0.0000000E+000, 0.0000000E+000, 1.6937772E+001, 1.5373425E+001, 0.0000000E+000, 5.0000000E-003, 0.0000000E+000
 1.8301611E+001, 2.2539161E+002, 0.0000000E+000,-5.7099704E+001,-1.7450141E+002,-5.3272119E-001,-1.3774520E-002, 0.0000000E+000, 0.0000000E+000,-6.3170483E+000,-6.7560024E+000, 0.0000000E+000, 5.0000000E-003, 0.0000000E+000
 1.8402409E+001, 2.2950887E+002, 0.0000000E+000,-5.9261842E+001,-1.9459774E+002,-7.9565779E-001,-1.3687139E-002, 0.0000000E+000, 0.0000000E+000,-2.4391468E+001,-2.5160057E+001, 0.0000000E+000, 5.0000000E-003, 0.0000000E+000
 1.8506262E+001, 2.3618963E+002, 0.0000000E+000,-6.1292442E+001,-1.9716581E+002,-6.9001325E-001,-1.3514108E-002, 0.0000000E+000, 0.0000000E+000,-2.3508508E+001,-2.2972147E+001, 0.0000000E+000, 5.0000000E-003, 0.0000000E+000
 1.8607351E+001, 2.2719414E+002, 0.0000000E+000,-5.7755942E+001,-1.8741527E+002,-6.9467095E-001,-1.3402010E-002, 0.0000000E+000, 0.0000000E+000,-1.8069443E+001,-1.8685146E+001, 0.0000000E+000, 5.0000000E-003, 0.0000000E+000
 1.8700928E+001, 2.1509413E+002, 0.0000000E+000,-5.3065485E+001,-1.6102997E+002,-6.5460196E-001,-1.3353806E-002, 0.0000000E+000, 0.0000000E+000,-8.7435132E-001, 3.3071880E-001, 0.0000000E+000, 5.0000000E-003, 0.0000000E+000
 1.8804636E+001, 2.1984688E+002, 0.0000000E+000,-5.6472760E+001,-1.4688412E+002,-5.8217689E-001,-1.3349018E-002, 0.0000000E+000, 0.0000000E+000, 1.5554112E+001, 1.5894473E+001, 0.0000000E+000, 5.0000000E-003, 0.0000000E+000
 1.8910389E+001, 2.2266382E+002, 0.0000000E+000,-5.7789329E+001,-1.6332043E+002,-5.0446857E-001,-1.3409143E-002, 0.0000000E+000, 0.0000000E+000, 3.2142581E+000, 1.0361892E+000, 0.0000000E+000, 5.0000000E-003, 0.0000000E+000
 1.9004391E+001, 2.2718021E+002, 0.0000000E+000,-5.7689661E+001,-1.9218970E+002,-4.7786335E-001,-1.3300446E-002, 0.0000000E+000, 0.0000000E+000,-2.2857140E+001,-2.3190315E+001, 0.0000000E+000, 5.0000000E-003, 0.0000000E+000
 1.9110144E+001, 2.3142235E+002, 0.0000000E+000,-6.1070037E+001,-1.8724730E+002,-4.9577544E-001,-1.3205581E-002, 0.0000000E+000, 0.0000000E+000,-1.7873611E+001,-1.7403970E+001, 0.0000000E+000, 5.0000000E-003, 0.0000000E+000
 1.9204147E+001, 2.2926125E+002, 0.0000000E+000,-5.9571305E+001,-1.8165349E+002,-5.0989602E-001,-1.3217751E-002, 0.0000000E+000, 0.0000000E+000,-1.2671447E+001,-1.2486658E+001, 0.0000000E+000, 5.0000000E-003, 0.0000000E+000
 1.9309898E+001, 2.2770240E+002, 0.0000000E+000,-5.8061832E+001,-1.6769796E+002,-5.0018633E-001,-1.3220851E-002, 0.0000000E+000, 0.0000000E+000, 6.7732919E-001, 1.4292066E+000, 0.0000000E+000, 5.0000000E-003, 0.0000000E+000
 1.9403902E+001, 2.2615370E+002, 0.0000000E+000,-5.6264326E+001,-1.6312782E+002,-5.5716216E-001,-1.3357941E-002, 0.0000000E+000, 0.0000000E+000, 5.9281577E+000, 6.1910371E+000, 0.0000000E+000, 5.0000000E-003, 0.0000000E+000
 1.9500254E+001, 2.3004982E+002, 0.0000000E+000,-5.9813739E+001,-1.5541769E+002,-5.3749796E-001,-1.3264839E-002, 0.0000000E+000, 0.0000000E+000, 1.4732030E+001, 1.4267625E+001, 0.0000000E+000, 5.0000000E-003, 0.0000000E+000
 1.9603657E+001, 2.2736719E+002, 0.0000000E+000,-5.7202145E+001,-1.6452396E+002,-5.4634031E-001,-1.2987567E-002, 0.0000000E+000, 0.0000000E+000, 4.6999381E+000, 5.0817490E+000, 0.0000000E+000, 5.0000000E-003, 0.0000000E+000
 1.9700638E+001, 2.3462978E+002, 0.0000000E+000,-6.0836594E+001,-1.6922767E+002,-5.4347418E-001,-1.2910728E-002, 0.0000000E+000, 0.0000000E+000, 5.1474873E+000, 4.0091309E+000, 0.0000000E+000, 5.0000000E-003, 0.0000000E+000
 1.9804781E+001, 2.2988712E+002, 0.0000000E+000,-6.1348328E+001,-1.7281213E+002,-7.0723124E-001,-1.3110647E-002, 0.0000000E+000, 0.0000000E+000,-5.6165607E+000,-4.9936785E+000, 0.0000000E+000, 5.0000000E-003, 0.0000000E+000
 1.9904396E+001, 2.1515112E+002, 0.0000000E+000,-5.5923226E+001,-1.3774528E+002,-5.3514980E-001,-1.3128399E-002, 0.0000000E+000, 0.0000000E+000, 2.0875979E+001, 2.0934341E+001, 0.0000000E+000, 5.0000000E-003, 0.0000000E+000
 2.0007309E+001, 2.1870908E+002, 0.0000000E+000,-5.6620591E+001,-1.5274391E+002,-4.7768536E-001,-1.3168515E-002, 0.0000000E+000, 0.0000000E+000, 9.8720598E+000, 8.8537330E+000, 0.0000000E+000, 5.0000000E-003, 0.0000000E+000
 2.0107607E+001, 2.3042722E+002, 0.0000000E+000,-5.8781796E+001,-1.8943539E+002,-4.7047022E-001,-1.3149224E-002, 0.0000000E+000, 0.0000000E+000,-1.7822946E+001,-1.8273592E+001, 0.0000000E+000, 5.0000000E-003, 0.0000000E+000
 2.0207905E+001, 2.3239476E+002, 0.0000000E+000,-5.8297199E+001,-2.0422332E+002,-4.9209738E-001,-1.3160246E-002, 0.0000000E+000, 0.0000000E+000,-3.0944736E+001,-3.0631016E+001, 0.0000000E+000, 5.0000000E-003, 0.0000000E+000
 2.0308201E+001, 2.3399233E+002, 0.0000000E+000,-5.5328540E+001,-1.9836952E+002,-5.9701459E-001,-1.3418822E-002, 0.0000000E+000, 0.0000000E+000,-2.1628895E+001,-2.0316159E+001, 0.0000000E+000, 5.0000000E-003, 0.0000000E+000
 2.0401814E+001, 2.3453001E+002, 0.0000000E+000,-5.8051948E+001,-1.7180232E+002,-6.1923653E-001,-1.3521059E-002, 0.0000000E+000, 0.0000000E+000, 1.7843631E+000, 4.0429768E+000, 0.0000000E+000, 5.0000000E-003, 0.0000000E+000
 2.0512140E+001, 2.2499577E+002, 0.0000000E+000,-5.6883316E+001,-1.3184327E+002,-6.2028046E-001,-1.3457448E-002, 0.0000000E+000, 0.0000000E+000, 3.5390044E+001, 3.5635444E+001, 0.0000000E+000, 5.0000000E-003, 0.0000000E+000
 2.0600763E+001, 2.2882008E+002, 0.0000000E+000,-6.1206192E+001,-1.1268892E+002,-5.2817652E-001,-1.3427077E-002, 0.0000000E+000, 0.0000000E+000, 5.3005890E+001, 5.4383357E+001, 0.0000000E+000, 5.0000000E-003, 0.0000000E+000
 2.0702927E+001, 2.2641423E+002, 0.0000000E+000,-5.8123612E+001,-1.0365123E+002,-4.6102464E-001,-1.3521235E-002, 0.0000000E+000, 0.0000000E+000, 6.4135714E+001, 6.4164845E+001, 0.0000000E+000, 5.0000000E-003, 0.0000000E+000
 2.0805090E+001, 2.3552960E+002, 0.0000000E+000,-5.9635250E+001,-1.3325461E+002,-4.6091488E-001,-1.3460464E-002, 0.0000000E+000, 0.0000000E+000, 4.3549325E+001, 4.2165372E+001, 0.0000000E+000, 5.0000000E-003, 0.0000000E+000
 2.0907253E+001, 2.2690135E+002, 0.0000000E+000,-5.7143193E+001,-1.5360316E+002,-4.8401942E-001,-1.3512305E-002, 0.0000000E+000, 0.0000000E+000, 1.7283471E+001, 1.5657470E+001, 0.0000000E+000, 5.0000000E-003, 0.0000000E+000
 2.1009415E+001, 2.2246670E+002, 0.0000000E+000,-5.5047424E+001,-1.8845929E+002,-4.9368487E-001,-1.3587376E-002, 0.0000000E+000, 0.0000000E+000,-1.9614179E+001,-2.1547288E+001, 0.0000000E+000, 5.0000000E-003, 0.0000000E+000
 2.1100227E+001, 2.1925473E+002, 0.0000000E+000,-5.4655230E+001,-1.9534201E+002,-6.0183123E-001,-1.3614589E-002, 0.0000000E+000, 0.0000000E+000,-3.1931939E+001,-3.1357949E+001, 0.0000000E+000, 5.0000000E-003, 0.0000000E+000
 2.1200119E+001, 2.2645447E+002, 0.0000000E+000,-5.6966413E+001,-1.8610858E+002,-5.2829361E-001,-1.3684847E-002, 0.0000000E+000, 0.0000000E+000,-1.8950399E+001,-1.7162509E+001, 0.0000000E+000, 5.0000000E-003, 0.0000000E+000
 2.1306255E+001, 2.3504785E+002, 0.0000000E+000,-5.9259159E+001,-1.7183005E+002,-6.0882990E-001,-1.3750064E-002, 0.0000000E+000, 0.0000000E+000, 1.1289041E+000, 3.3360599E+000, 0.0000000E+000, 5.0000000E-003, 0.0000000E+000
 2.1404236E+001, 2.4001039E+002, 0.0000000E+000,-6.2122346E+001,-1.6434219E+002,-7.1608630E-001,-1.3670573E-002, 0.0000000E+000, 0.0000000E+000, 1.4050607E+001, 1.2816097E+001, 0.0000000E+000, 5.0000000E-003, 0.0000000E+000
 2.1502216E+001, 2.3266000E+002, 0.0000000E+000,-6.1067675E+001,-1.7430263E+002,-8.3061596E-001,-1.3768142E-002, 0.0000000E+000, 0.0000000E+000,-3.1070887E+000,-3.5546868E+000, 0.0000000E+000, 5.0000000E-003, 0.0000000E+000
 2.1600197E+001, 2.3030006E+002, 0.0000000E+000,-5.9203458E+001,-1.5029462E+002,-8.9122077E-001,-1.3723733E-002, 0.0000000E+000, 0.0000000E+000, 1.7345881E+001, 1.9897034E+001, 0.0000000E+000, 5.0000000E-003, 0.0000000E+000
 2.1710424E+001, 2.3257496E+002, 0.0000000E+000,-6.1535100E+001,-1.6591067E+002,-9.1167388E-001,-1.3485512E-002, 0.0000000E+000, 0.0000000E+000, 6.9914463E+000, 4.2040340E+000, 0.0000000E+000, 5.0000000E-003, 0.0000000E+000
 2.1808405E+001, 2.2847319E+002, 0.0000000E+000,-5.7168908E+001,-1.7028951E+002,-8.1426303E-001,-1.3527741E-002, 0.0000000E+000, 0.0000000E+000,-1.4675988E-001, 1.8698303E-001, 0.0000000E+000, 5.0000000E-003, 0.0000000E+000
 2.1906385E+001, 2.2210873E+002, 0.0000000E+000,-5.5540339E+001,-1.8392425E+002,-7.5473030E-001,-1.3637198E-002, 0.0000000E+000, 0.0000000E+000,-1.5091861E+001,-1.8124221E+001, 0.0000000E+000, 5.0000000E-003, 0.0000000E+000
 2.2004366E+001, 2.1877539E+002, 0.0000000E+000,-5.5481045E+001,-2.0792538E+002,-8.0639470E-001,-1.3530151E-002, 0.0000000E+000, 0.0000000E+000,-4.5453858E+001,-4.5450957E+001, 0.0000000E+000, 5.0000000E-003, 0.0000000E+000
 2.2100431E+001, 2.1914173E+002, 0.0000000E+000,-5.7509144E+001,-1.8943152E+002,-8.9274937E-001,-1.3442694E-002, 0.0000000E+000, 0.0000000E+000,-2.9336232E+001,-2.8705130E+001, 0.0000000E+000, 5.0000000E-003, 0.0000000E+000
 2.2207891E+001, 2.1971219E+002, 0.0000000E+000,-5.7050631E+001,-1.7556872E+002,-8.8655712E-001,-1.3509332E-002, 0.0000000E+000, 0.0000000E+000,-1.5256430E+001,-1.3807227E+001, 0.0000000E+000, 5.0000000E-003, 0.0000000E+000
 2.2306776E+001, 2.2388169E+002, 0.0000000E+000,-5.4404021E+001,-1.4768817E+002,-6.5499835E-001,-1.3547283E-002, 0.0000000E+000, 0.0000000E+000, 1.7971353E+001, 2.1120951E+001, 0.0000000E+000, 5.0000000E-003, 0.0000000E+000
 2.2406796E+001, 2.3225170E+002, 0.0000000E+000,-5.8749134E+001,-1.4356706E+002,-6.3407912E-001,-1.3532990E-002, 0.0000000E+000, 0.0000000E+000, 3.0899916E+001, 2.9287897E+001, 0.0000000E+000, 5.0000000E-003, 0.0000000E+000
 2.2506815E+001, 2.3276401E+002, 0.0000000E+000,-5.7279445E+001,-1.7607899E+002,-7.3026545E-001,-1.3386342E-002, 0.0000000E+000, 0.0000000E+000,-4.7404542E-001,-1.3380741E+000, 0.0000000E+000, 5.0000000E-003, 0.0000000E+000
 2.2603374E+001, 2.3676858E+002, 0.0000000E+000,-5.9262604E+001,-1.8079646E+002,-7.3702235E-001,-1.3425271E-002, 0.0000000E+000, 0.0000000E+000,-5.5529433E+000,-4.0409371E+000, 0.0000000E+000, 5.0000000E-003, 0.0000000E+000
 2.2700317E+001, 2.3821811E+002, 0.0000000E+000,-6.3298264E+001,-1.6790126E+002,-7.1522575E-001,-1.3267895E-002, 0.0000000E+000, 0.0000000E+000, 7.9095568E+000, 6.2900948E+000, 0.0000000E+000, 5.0000000E-003, 0.0000000E+000
 2.2808031E+001, 2.2672773E+002, 0.0000000E+000,-5.8468738E+001,-1.7262269E+002,-6.8119067E-001,-1.3158933E-002, 0.0000000E+000, 0.0000000E+000,-3.9833271E+000,-5.0580470E+000, 0.0000000E+000, 5.0000000E-003, 0.0000000E+000
 2.2904974E+001, 2.1262884E+002, 0.0000000E+000,-5.3867140E+001,-1.9527342E+002,-7.2209361E-001,-1.3308049E-002, 0.0000000E+000, 0.0000000E+000,-3.5108516E+001,-3.7247118E+001, 0.0000000E+000, 5.0000000E-003, 0.0000000E+000
 2.3001915E+001, 2.1211648E+002, 0.0000000E+000,-5.5294771E+001,-1.8978696E+002,-5.8727482E-001,-1.3390580E-002, 0.0000000E+000, 0.0000000E+000,-3.5234842E+001,-3.3565921E+001, 0.0000000E+000, 5.0000000E-003, 0.0000000E+000
 2.3107475E+001, 2.1605587E+002, 0.0000000E+000,-5.6551687E+001,-1.6688037E+002,-5.5600099E-001,-1.3374857E-002, 0.0000000E+000, 0.0000000E+000,-8.7399718E+000,-7.9455633E+000, 0.0000000E+000, 5.0000000E-003, 0.0000000E+000
 2.3201046E+001, 2.2819300E+002, 0.0000000E+000,-6.1294509E+001,-1.6066780E+002,-6.0774021E-001,-1.3347712E-002, 0.0000000E+000, 0.0000000E+000, 3.6432155E+000, 5.6096057E+000, 0.0000000E+000, 5.0000000E-003, 0.0000000E+000
 2.3307360E+001, 2.4526981E+002, 0.0000000E+000,-6.8494051E+001,-1.5246362E+002,-5.6159159E-001,-1.3461939E-002, 0.0000000E+000, 0.0000000E+000, 2.2985491E+001, 2.3737083E+001, 0.0000000E+000, 5.0000000E-003, 0.0000000E+000
 2.3403042E+001, 2.3822643E+002, 0.0000000E+000,-6.3679842E+001,-1.4260852E+002,-5.0813859E-001,-1.3616958E-002, 0.0000000E+000, 0.0000000E+000, 3.2179225E+001, 3.1416318E+001, 0.0000000E+000, 5.0000000E-003, 0.0000000E+000
 2.3509356E+001, 2.2534330E+002, 0.0000000E+000,-5.5511015E+001,-1.8432686E+002,-5.6111706E-001,-1.3624010E-002, 0.0000000E+000, 0.0000000E+000,-1.1428531E+001,-1.5069314E+001, 0.0000000E+000, 5.0000000E-003, 0.0000000E+000
 2.3602911E+001, 2.1987194E+002, 0.0000000E+000,-5.2506667E+001,-2.0193601E+002,-6.2681799E-001,-1.3440537E-002, 0.0000000E+000, 0.0000000E+000,-3.6040147E+001,-3.5210992E+001, 0.0000000E+000, 5.0000000E-003, 0.0000000E+000
 2.3708162E+001, 2.1645203E+002, 0.0000000E+000,-5.3268132E+001,-1.7954248E+002,-6.0116615E-001,-1.3305564E-002, 0.0000000E+000, 0.0000000E+000,-1.7845012E+001,-1.6973052E+001, 0.0000000E+000, 5.0000000E-003, 0.0000000E+000
 2.3801718E+001, 2.2543442E+002, 0.0000000E+000,-5.7872196E+001,-1.7677380E+002,-5.3711203E-001,-1.3343389E-002, 0.0000000E+000, 0.0000000E+000,-1.1627592E+001,-9.7620342E+000, 0.0000000E+000, 5.0000000E-003, 0.0000000E+000
 2.3906969E+001, 2.3731657E+002, 0.0000000E+000,-6.0615162E+001,-1.4963225E+002,-5.2645556E-001,-1.3308353E-002, 0.0000000E+000, 0.0000000E+000, 2.4107824E+001, 2.6529401E+001, 0.0000000E+000, 5.0000000E-003, 0.0000000E+000
 2.4003172E+001, 2.3670561E+002, 0.0000000E+000,-6.1628626E+001,-1.3609666E+002,-5.7975208E-001,-1.3253993E-002, 0.0000000E+000, 0.0000000E+000, 3.9164980E+001, 3.8387318E+001, 0.0000000E+000, 5.0000000E-003, 0.0000000E+000
 2.4103138E+001, 2.1962223E+002, 0.0000000E+000,-5.6245644E+001,-1.4767306E+002,-5.8263947E-001,-1.3436571E-002, 0.0000000E+000, 0.0000000E+000, 1.6915695E+001, 1.5107448E+001, 0.0000000E+000, 5.0000000E-003, 0.0000000E+000
 2.4203831E+001, 2.1740539E+002, 0.0000000E+000,-5.2992333E+001,-1.5608665E+002,-5.6529199E-001,-1.3516380E-002, 0.0000000E+000, 0.0000000E+000, 8.4689529E+000, 7.7475973E+000, 0.0000000E+000, 5.0000000E-003, 0.0000000E+000
 2.4304523E+001, 2.3680002E+002, 0.0000000E+000,-6.3029911E+001,-1.9791408E+002,-6.4925178E-001,-1.3319137E-002, 0.0000000E+000, 0.0000000E+000,-2.4422776E+001,-2.4806536E+001, 0.0000000E+000, 5.0000000E-003, 0.0000000E+000
 2.4405216E+001, 2.3687130E+002, 0.0000000E+000,-6.1749626E+001,-1.9488956E+002,-7.5377124E-001,-1.3416005E-002, 0.0000000E+000, 0.0000000E+000,-2.1567455E+001,-2.0535070E+001, 0.0000000E+000, 5.0000000E-003, 0.0000000E+000
 2.4507656E+001, 2.2817366E+002, 0.0000000E+000,-5.6080833E+001,-1.6713801E+002,-7.1553900E-001,-1.3431120E-002, 0.0000000E+000, 0.0000000E+000, 2.7382245E+000, 4.2258549E+000, 0.0000000E+000, 5.0000000E-003, 0.0000000E+000
 2.4606997E+001, 2.2697275E+002, 0.0000000E+000,-5.8916580E+001,-1.5533457E+002,-6.7389779E-001,-1.3472332E-002, 0.0000000E+000, 0.0000000E+000, 1.2800132E+001, 1.2034227E+001, 0.0000000E+000, 5.0000000E-003, 0.0000000E+000
 2.4701195E+001, 2.3720190E+002, 0.0000000E+000,-6.4048371E+001,-1.6679251E+002,-7.3006584E-001,-1.3580056E-002, 0.0000000E+000, 0.0000000E+000, 5.3641749E+000, 5.6173776E+000, 0.0000000E+000, 5.0000000E-003, 0.0000000E+000
 2.4803619E+001, 2.2240310E+002, 0.0000000E+000,-5.7072519E+001,-1.6868259E+002,-8.1190060E-001,-1.3484050E-002, 0.0000000E+000, 0.0000000E+000,-2.7607110E+000,-4.1773931E+000, 0.0000000E+000, 5.0000000E-003, 0.0000000E+000
 2.4907457E+001, 2.0958164E+002, 0.0000000E+000,-5.0297196E+001,-1.6125057E+002,-6.0695276E-001,-1.3354332E-002, 0.0000000E+000, 0.0000000E+000,-3.5774309E+000,-2.5864375E+000, 0.0000000E+000, 5.0000000E-003, 0.0000000E+000
 2.5011297E+001, 2.2128863E+002, 0.0000000E+000,-5.4260683E+001,-1.3877213E+002,-6.0289189E-001,-1.3252599E-002, 0.0000000E+000, 0.0000000E+000, 2.4221823E+001, 2.7639673E+001, 0.0000000E+000, 5.0000000E-003, 0.0000000E+000
 2.5102156E+001, 2.4196881E+002, 0.0000000E+000,-6.3963083E+001,-1.4192293E+002,-5.6924467E-001,-1.3357491E-002, 0.0000000E+000, 0.0000000E+000, 3.6395453E+001, 3.5500201E+001, 0.0000000E+000, 5.0000000E-003, 0.0000000E+000
 2.5209101E+001, 2.4045388E+002, 0.0000000E+000,-6.2327974E+001,-1.5326045E+002,-5.1876052E-001,-1.3232081E-002, 0.0000000E+000, 0.0000000E+000, 2.4931371E+001, 2.4333462E+001, 0.0000000E+000, 5.0000000E-003, 0.0000000E+000
 2.5306391E+001, 2.3384796E+002, 0.0000000E+000,-5.9534707E+001,-1.6289745E+002,-5.2106742E-001,-1.3062232E-002, 0.0000000E+000, 0.0000000E+000, 1.1979329E+001, 1.0881674E+001, 0.0000000E+000, 5.0000000E-003, 0.0000000E+000
 2.5409971E+001, 2.2203956E+002, 0.0000000E+000,-5.5579004E+001,-1.7767685E+002,-5.4914261E-001,-1.3156774E-002, 0.0000000E+000, 0.0000000E+000,-1.0008946E+001,-1.1778592E+001, 0.0000000E+000, 5.0000000E-003, 0.0000000E+000
 2.5510504E+001, 2.1402293E+002, 0.0000000E+000,-5.1609903E+001,-1.9672999E+002,-5.5408732E-001,-1.3295348E-002, 0.0000000E+000, 0.0000000E+000,-3.4327994E+001,-3.4884346E+001, 0.0000000E+000, 5.0000000E-003, 0.0000000E+000
 2.5611038E+001, 2.2028054E+002, 0.0000000E+000,-5.5553738E+001,-1.8338616E+002,-5.7554911E-001,-1.3188217E-002, 0.0000000E+000, 0.0000000E+000,-2.0927264E+001,-1.9248102E+001, 0.0000000E+000, 5.0000000E-003, 0.0000000E+000
 2.5701519E+001, 2.2874867E+002, 0.0000000E+000,-6.0479261E+001,-1.8053278E+002,-5.5577332E-001,-1.3333887E-002, 0.0000000E+000, 0.0000000E+000,-1.2476040E+001,-1.2832481E+001, 0.0000000E+000, 5.0000000E-003, 0.0000000E+000
 2.5802248E+001, 2.3098987E+002, 0.0000000E+000,-6.1711087E+001,-2.0472849E+002,-6.8976056E-001,-1.3456217E-002, 0.0000000E+000, 0.0000000E+000,-3.4501529E+001,-3.6152926E+001, 0.0000000E+000, 5.0000000E-003, 0.0000000E+000
 2.5908691E+001, 2.2686027E+002, 0.0000000E+000,-5.7883162E+001,-2.0150188E+002,-7.3944931E-001,-1.3511613E-002, 0.0000000E+000, 0.0000000E+000,-3.5593764E+001,-3.3277737E+001, 0.0000000E+000, 5.0000000E-003, 0.0000000E+000
 2.6006618E+001, 2.2337526E+002, 0.0000000E+000,-5.7599085E+001,-1.5210180E+002,-7.9314431E-001,-1.3627377E-002, 0.0000000E+000, 0.0000000E+000, 1.1414689E+001, 1.2867611E+001, 0.0000000E+000, 5.0000000E-003, 0.0000000E+000
 2.6100290E+001, 2.2985921E+002, 0.0000000E+000,-6.1639381E+001,-1.5112943E+002,-8.0780723E-001,-1.3617536E-002, 0.0000000E+000, 0.0000000E+000, 1.6182757E+001, 1.6268976E+001, 0.0000000E+000, 5.0000000E-003, 0.0000000E+000
 2.6205669E+001, 2.4434684E+002, 0.0000000E+000,-6.6645988E+001,-1.4631872E+002,-8.5108032E-001,-1.3308013E-002, 0.0000000E+000, 0.0000000E+000, 2.9108669E+001, 3.0517740E+001, 0.0000000E+000, 5.0000000E-003, 0.0000000E+000
 2.6311049E+001, 2.3775428E+002, 0.0000000E+000,-6.3184779E+001,-1.5634915E+002,-8.5340404E-001,-1.3542789E-002, 0.0000000E+000, 0.0000000E+000, 1.9427643E+001, 1.7353401E+001, 0.0000000E+000, 5.0000000E-003, 0.0000000E+000
 2.6405890E+001, 2.3471000E+002, 0.0000000E+000,-5.6302036E+001,-1.9888336E+002,-7.9180935E-001,-1.3734194E-002, 0.0000000E+000, 0.0000000E+000,-2.1034711E+001,-2.1280931E+001, 0.0000000E+000, 5.0000000E-003, 0.0000000E+000
 2.6508926E+001, 2.3612042E+002, 0.0000000E+000,-5.5527989E+001,-1.6450887E+002,-8.1883969E-001,-1.3748655E-002, 0.0000000E+000, 0.0000000E+000, 1.2922968E+001, 1.5250974E+001, 0.0000000E+000, 5.0000000E-003, 0.0000000E+000
 2.6603800E+001, 2.1754770E+002, 0.0000000E+000,-5.3399042E+001,-1.4566880E+002,-7.8827779E-001,-1.3609098E-002, 0.0000000E+000, 0.0000000E+000, 2.0589420E+001, 1.7677975E+001, 0.0000000E+000, 5.0000000E-003, 0.0000000E+000
 2.6707468E+001, 2.0722904E+002, 0.0000000E+000,-5.0413805E+001,-1.6976663E+002,-7.5017515E-001,-1.3482763E-002, 0.0000000E+000, 0.0000000E+000,-1.2957750E+001,-1.3715051E+001, 0.0000000E+000, 5.0000000E-003, 0.0000000E+000
 2.6811136E+001, 2.2103744E+002, 0.0000000E+000,-5.8049219E+001,-1.6568859E+002,-7.1723012E-001,-1.3475688E-002, 0.0000000E+000, 0.0000000E+000,-4.4068380E+000,-3.4310709E+000, 0.0000000E+000, 5.0000000E-003, 0.0000000E+000
 2.6903286E+001, 2.3357861E+002, 0.0000000E+000,-6.2428222E+001,-1.8454358E+002,-7.2583898E-001,-1.3631811E-002, 0.0000000E+000, 0.0000000E+000,-1.3944336E+001,-1.4132664E+001, 0.0000000E+000, 5.0000000E-003, 0.0000000E+000
 2.7006956E+001, 2.3388710E+002, 0.0000000E+000,-6.0513518E+001,-1.8344732E+002,-8.7964663E-001,-1.3704455E-002, 0.0000000E+000, 0.0000000E+000,-1.0459512E+001,-1.0967092E+001, 0.0000000E+000, 5.0000000E-003, 0.0000000E+000
 2.7110624E+001, 2.3198930E+002, 0.0000000E+000,-5.9247601E+001,-1.9266946E+002,-8.5980108E-001,-1.3590106E-002, 0.0000000E+000, 0.0000000E+000,-2.1072084E+001,-2.0801145E+001, 0.0000000E+000, 5.0000000E-003, 0.0000000E+000
 2.7202774E+001, 2.2609945E+002, 0.0000000E+000,-5.9454178E+001,-1.6605665E+002,-8.1320069E-001,-1.3573911E-002, 0.0000000E+000, 0.0000000E+000,-7.3959459E-001,-2.3815710E-001, 0.0000000E+000, 5.0000000E-003, 0.0000000E+000
 2.7306442E+001, 2.2516726E+002, 0.0000000E+000,-6.0160520E+001,-1.6845355E+002,-7.3520159E-001,-1.3475909E-002, 0.0000000E+000, 0.0000000E+000,-4.0790108E+000,-4.1954945E+000, 0.0000000E+000, 5.0000000E-003, 0.0000000E+000
 2.7406656E+001, 2.4043108E+002, 0.0000000E+000,-6.4255261E+001,-1.5331708E+002,-5.9407764E-001,-1.3477874E-002, 0.0000000E+000, 0.0000000E+000, 1.9838218E+001, 2.2251185E+001, 0.0000000E+000, 5.0000000E-003, 0.0000000E+000
 2.7508020E+001, 2.3509930E+002, 0.0000000E+000,-6.0279056E+001,-1.4364304E+002,-6.0177691E-001,-1.3529916E-002, 0.0000000E+000, 0.0000000E+000, 3.1581483E+001, 3.0561899E+001, 0.0000000E+000, 5.0000000E-003, 0.0000000E+000
 2.7601320E+001, 2.1700563E+002, 0.0000000E+000,-5.3188406E+001,-1.5571405E+002,-6.9690876E-001,-1.3449317E-002, 0.0000000E+000, 0.0000000E+000, 9.8876744E+000, 7.3928218E+000, 0.0000000E+000, 5.0000000E-003, 0.0000000E+000
 2.7707861E+001, 2.1260937E+002, 0.0000000E+000,-5.3419839E+001,-1.8047469E+002,-7.8688326E-001,-1.3560208E-002, 0.0000000E+000, 0.0000000E+000,-2.0195892E+001,-2.2085601E+001, 0.0000000E+000, 5.0000000E-003, 0.0000000E+000
 2.7805878E+001, 2.1895598E+002, 0.0000000E+000,-5.8320994E+001,-2.1268746E+002,-6.9517910E-001,-1.3554019E-002, 0.0000000E+000, 0.0000000E+000,-5.2319188E+001,-5.2761212E+001, 0.0000000E+000, 5.0000000E-003, 0.0000000E+000
 2.7911352E+001, 2.2860747E+002, 0.0000000E+000,-6.1600088E+001,-2.0352881E+002,-6.0560940E-001,-1.3452199E-002, 0.0000000E+000, 0.0000000E+000,-3.9741306E+001,-3.7140483E+001, 0.0000000E+000, 5.0000000E-003, 0.0000000E+000
 2.8010969E+001, 2.2982799E+002, 0.0000000E+000,-5.6980794E+001,-1.6437042E+002,-7.8941780E-001,-1.3424898E-002, 0.0000000E+000, 0.0000000E+000, 4.1499155E+000, 7.6739356E+000, 0.0000000E+000, 5.0000000E-003, 0.0000000E+000
 2.8101208E+001, 2.3004825E+002, 0.0000000E+000,-5.6708663E+001,-1.4017736E+002,-7.6156053E-001,-1.3585891E-002, 0.0000000E+000, 0.0000000E+000, 3.3153453E+001, 3.2387075E+001, 0.0000000E+000, 5.0000000E-003, 0.0000000E+000
 2.8204340E+001, 2.2740586E+002, 0.0000000E+000,-5.5694642E+001,-1.4924735E+002,-6.7245631E-001,-1.3612569E-002, 0.0000000E+000, 0.0000000E+000, 2.1845108E+001, 2.1777793E+001, 0.0000000E+000, 5.0000000E-003, 0.0000000E+000
 2.8307470E+001, 2.2747300E+002, 0.0000000E+000,-5.7921442E+001,-1.3922795E+002,-6.4700826E-001,-1.3474642E-002, 0.0000000E+000, 0.0000000E+000, 2.9294102E+001, 2.9663126E+001, 0.0000000E+000, 5.0000000E-003, 0.0000000E+000
 2.8410603E+001, 2.2336004E+002, 0.0000000E+000,-5.7416613E+001,-1.2377950E+002,-5.9464257E-001,-1.3453987E-002, 0.0000000E+000, 0.0000000E+000, 4.1171831E+001, 4.1555829E+001, 0.0000000E+000, 5.0000000E-003, 0.0000000E+000
 2.8503223E+001, 2.2824015E+002, 0.0000000E+000,-5.6584116E+001,-1.2821396E+002,-5.2242660E-001,-1.3544720E-002, 0.0000000E+000, 0.0000000E+000, 4.2847981E+001, 4.2906110E+001, 0.0000000E+000, 5.0000000E-003, 0.0000000E+000
 2.8607422E+001, 2.2785286E+002, 0.0000000E+000,-5.8481830E+001,-1.4232236E+002,-5.0037122E-001,-1.3465413E-002, 0.0000000E+000, 0.0000000E+000, 2.8050963E+001, 2.6534827E+001, 0.0000000E+000, 5.0000000E-003, 0.0000000E+000
 2.8700043E+001, 2.2817596E+002, 0.0000000E+000,-5.6819681E+001,-1.7227044E+002,-5.8349038E-001,-1.3273873E-002, 0.0000000E+000, 0.0000000E+000,-2.3828143E-001,-1.5109273E+000, 0.0000000E+000, 5.0000000E-003, 0.0000000E+000
 2.8804241E+001, 2.3843045E+002, 0.0000000E+000,-6.2090377E+001,-2.0199474E+002,-7.2032400E-001,-1.3118387E-002, 0.0000000E+000, 0.0000000E+000,-2.6141646E+001,-2.6388107E+001, 0.0000000E+000, 5.0000000E-003, 0.0000000E+000
 2.8903809E+001, 2.3343269E+002, 0.0000000E+000,-6.0745338E+001,-1.7241636E+002,-7.0352001E-001,-1.3436892E-002, 0.0000000E+000, 0.0000000E+000,-2.4051879E+000,-4.4596474E-001, 0.0000000E+000, 5.0000000E-003, 0.0000000E+000
 2.9001022E+001, 2.2477280E+002, 0.0000000E+000,-5.5560359E+001,-1.5401047E+002,-7.5932302E-001,-1.3671777E-002, 0.0000000E+000, 0.0000000E+000, 1.4922833E+001, 1.4428980E+001, 0.0000000E+000, 5.0000000E-003, 0.0000000E+000
 2.9101629E+001, 2.2475696E+002, 0.0000000E+000,-5.7282543E+001,-1.8250813E+002,-6.3896405E-001,-1.3641185E-002, 0.0000000E+000, 0.0000000E+000,-1.3700323E+001,-1.5686319E+001, 0.0000000E+000, 5.0000000E-003, 0.0000000E+000
 2.9202238E+001, 2.3488890E+002, 0.0000000E+000,-6.2227830E+001,-2.1837652E+002,-9.5545749E-001,-1.3408548E-002, 0.0000000E+000, 0.0000000E+000,-4.4966891E+001,-4.6684311E+001, 0.0000000E+000, 5.0000000E-003, 0.0000000E+000
 2.9307320E+001, 2.2120764E+002, 0.0000000E+000,-5.7492331E+001,-2.0405056E+002,-1.1204140E+000,-1.3531436E-002, 0.0000000E+000, 0.0000000E+000,-4.4754428E+001,-4.1469200E+001, 0.0000000E+000, 5.0000000E-003, 0.0000000E+000
 2.9405691E+001, 2.2423545E+002, 0.0000000E+000,-5.7098669E+001,-1.5553691E+002,-8.8849654E-001,-1.3501113E-002, 0.0000000E+000, 0.0000000E+000, 9.8815316E+000, 1.0697877E+001, 0.0000000E+000, 5.0000000E-003, 0.0000000E+000
 2.9507551E+001, 2.1744909E+002, 0.0000000E+000,-5.4812862E+001,-1.4660398E+002,-8.2559601E-001,-1.3353982E-002, 0.0000000E+000, 0.0000000E+000, 1.4398652E+001, 1.5193290E+001, 0.0000000E+000, 5.0000000E-003, 0.0000000E+000
 2.9609102E+001, 2.3286536E+002, 0.0000000E+000,-6.0574119E+001,-1.1356193E+002,-8.3135904E-001,-1.3349865E-002, 0.0000000E+000, 0.0000000E+000, 5.4410646E+001, 5.7884603E+001, 0.0000000E+000, 5.0000000E-003, 0.0000000E+000
 2.9706240E+001, 2.3920069E+002, 0.0000000E+000,-6.3680261E+001,-9.9566171E+001,-8.3656578E-001,-1.3588248E-002, 0.0000000E+000, 0.0000000E+000, 7.6730249E+001, 7.5104103E+001, 0.0000000E+000, 5.0000000E-003, 0.0000000E+000
 2.9808231E+001, 2.3215176E+002, 0.0000000E+000,-5.6814396E+001,-1.3325690E+002,-7.3077371E-001,-1.3583585E-002, 0.0000000E+000, 0.0000000E+000, 4.2826179E+001, 4.1336114E+001, 0.0000000E+000, 5.0000000E-003, 0.0000000E+000
 2.9908138E+001, 2.2780447E+002, 0.0000000E+000,-5.5099504E+001,-1.3450767E+002,-6.3319695E-001,-1.3390190E-002, 0.0000000E+000, 0.0000000E+000, 3.8038559E+001, 3.7550717E+001, 0.0000000E+000, 5.0000000E-003, 0.0000000E+000
 3.0000000E+001, 2.1939704E+002, 0.0000000E+000,-5.6293614E+001,-1.4856608E+002,-5.6724604E-001,-1.3352971E-002, 0.0000000E+000, 0.0000000E+000, 1.6176556E+001, 1.3956748E+001, 0.0000000E+000, 5.0000000E-003, 0.0000000E+000
